"[run number]","[step]","initial-density","count patches with [pcolor = white]","count patches with [pcolor = red]"
"1","1","0.89","0","8923"
"3","2","0.75","0","7"
"6","10","0.45","554","564"
"7","10","0.2","815","874"
"12","10","0.07","580","571"
"9","10","0.03","414","361"
"11","10","0.21","960","1000"
"19","1","0.99","0","9905"
"5","10","0.17","946","940"
"4","10","0.14","832","946"
"8","10","0.28","833","861"
"10","10","0.65","42","41"
"2","10","0.58","270","274"
"15","10","0.18","952","1007"
"14","10","0.62","120","115"
"16","10","0.4","553","584"
"18","10","0.4","672","687"
"17","10","0.63","111","112"
"26","2","0.81","0","1"
"27","2","0.84","0","1"
"29","1","0.99","0","9913"
"23","10","0.52","362","381"
"20","10","0.33","865","898"
"24","10","0.82","3","3"
"21","10","0.18","779","838"
"22","10","0.24","887","961"
"25","10","0.6","130","129"
"37","1","0.88","0","8761"
"31","10","0.01","47","47"
"28","10","0.41","516","553"
"40","1","0.86","0","8640"
"32","10","0.27","925","1003"
"33","10","0.49","491","521"
"30","10","0.14","1001","1075"
"35","10","0.62","207","210"
"34","10","0.8","6","6"
"46","1","0.79","0","7879"
"36","10","0.3","767","785"
"38","10","0.37","700","707"
"41","10","0.12","859","905"
"39","10","0.06","572","582"
"42","10","0.62","321","308"
"43","10","0.67","21","23"
"44","10","0.29","914","972"
"47","10","0.06","577","571"
"45","10","0.22","939","973"
"48","10","0.64","147","148"
"52","10","0.42","599","619"
"57","1","0.86","0","8665"
"59","1","0.86","0","8648"
"50","10","0.82","3","3"
"49","10","0.23","855","935"
"51","10","0.68","36","36"
"63","1","0.97","0","9716"
"61","1","0.85","0","8535"
"53","10","0.53","224","225"
"54","10","0.02","106","91"
"68","1","0.91","0","9109"
"69","1","0.9","0","9028"
"56","10","0.71","76","75"
"58","10","0.28","770","831"
"55","10","0.71","90","90"
"60","10","0.74","30","30"
"66","10","0.4","618","644"
"65","10","0.67","47","53"
"62","10","0.45","477","489"
"74","1","0.85","0","8461"
"64","10","0.08","766","775"
"67","10","0.05","358","350"
"70","10","0.56","334","348"
"72","10","0.39","680","754"
"71","10","0.23","877","913"
"75","10","0.59","284","285"
"85","1","0.96","0","9600"
"73","10","0.57","248","269"
"76","10","0.45","474","488"
"77","10","0.08","655","684"
"78","10","0.22","962","991"
"89","1","0.99","0","9908"
"80","10","0.62","163","169"
"79","10","0.04","385","341"
"81","10","0.17","864","929"
"83","10","0.63","126","128"
"82","10","0.1","827","852"
"95","0","0","0","0"
"96","1","0.92","0","9217"
"84","10","0.14","895","946"
"86","10","0.38","697","707"
"87","10","0.23","999","1006"
"88","10","0.3","749","814"
"90","10","0.71","34","34"
"101","3","0.78","0","2"
"91","10","0.41","503","534"
"92","10","0.28","866","895"
"100","10","0.28","873","902"
"97","10","0.59","215","216"
"93","10","0.19","805","864"
"104","1","0.87","0","8657"
"98","10","0.54","302","315"
"94","10","0.66","124","126"
"99","10","0.26","809","836"
"103","10","0.62","131","133"
"108","10","0.39","535","578"
"102","10","0.74","56","56"
"114","1","0.79","0","7899"
"116","1","0.91","0","9108"
"117","1","0.87","0","8648"
"105","10","0.03","551","427"
"118","1","0.99","0","9908"
"107","10","0.15","902","954"
"110","10","0.49","394","434"
"106","10","0.09","708","743"
"111","10","0.35","683","720"
"109","10","0.11","864","875"
"122","1","0.89","0","8900"
"123","1","0.94","0","9416"
"113","10","0.13","788","865"
"125","1","0.92","0","9172"
"112","10","0.25","1003","1005"
"126","1","0.99","0","9911"
"132","1","0.93","0","9289"
"115","10","0.58","290","285"
"119","10","0.78","3","3"
"135","1","0.9","0","8990"
"124","10","0.18","922","1027"
"121","10","0.36","644","700"
"134","6","0.78","0","1"
"136","1","0.91","0","9075"
"138","1","0.9","0","9010"
"127","10","0.68","115","120"
"128","10","0.56","175","175"
"139","1","0.94","0","9407"
"130","10","0.51","281","278"
"120","10","0.14","991","1056"
"129","10","0.05","545","489"
"131","10","0.17","907","927"
"13","10","0.49","509","536"
"133","10","0.13","894","931"
"150","2","0.85","0","1"
"137","10","0.03","320","255"
"142","10","0.59","249","243"
"141","10","0.18","976","1045"
"140","10","0.23","972","1020"
"145","10","0.08","666","677"
"144","10","0.4","561","624"
"146","10","0.62","120","113"
"152","1","0.97","0","9710"
"147","10","0.17","876","956"
"143","10","0.68","3","3"
"161","1","0.99","0","9914"
"148","10","0.02","70","63"
"162","1","0.97","0","9690"
"163","1","0.97","0","9720"
"154","10","0.14","917","928"
"155","10","0.49","335","350"
"157","10","0.66","60","64"
"156","10","0.24","876","912"
"153","10","0.08","706","714"
"151","10","0.18","870","903"
"169","1","0.86","0","8600"
"159","10","0.77","28","28"
"158","10","0.26","867","892"
"160","10","0.46","478","479"
"164","10","0.42","566","593"
"165","10","0.23","797","858"
"167","10","0.49","325","328"
"166","10","0.75","34","34"
"168","10","0.08","681","705"
"172","10","0.32","722","765"
"170","10","0.36","798","819"
"175","10","0.11","845","864"
"171","10","0.39","687","704"
"173","10","0.23","908","957"
"174","10","0.68","99","97"
"183","1","0.93","0","9322"
"178","10","0.62","136","137"
"176","10","0.7","34","34"
"188","2","0.78","0","2"
"177","10","0.28","865","890"
"179","10","0.7","36","36"
"181","10","0.67","71","71"
"191","2","0.82","0","1"
"180","10","0.1","864","879"
"182","10","0.36","664","672"
"196","1","0.82","0","8184"
"185","10","0.21","796","850"
"187","10","0.19","885","946"
"184","10","0.4","559","574"
"186","10","0.56","262","263"
"189","10","0.45","482","507"
"193","10","0.7","105","105"
"190","10","0.56","262","263"
"203","1","0.87","0","8706"
"192","10","0.51","348","334"
"205","1","0.91","0","9137"
"201","5","0.77","0","3"
"195","10","0.19","980","1020"
"194","10","0.3","741","802"
"208","1","0.96","0","9636"
"209","1","0.81","0","8060"
"198","10","0.76","3","3"
"197","10","0.57","275","304"
"199","10","0.71","6","6"
"214","1","0.91","0","9114"
"202","10","0.01","40","28"
"215","1","1","0","10005"
"200","10","0.08","735","732"
"204","10","0.15","978","1009"
"206","10","0.45","512","527"
"207","10","0.46","434","436"
"211","10","0.44","592","605"
"210","10","0.63","84","83"
"213","10","0.71","8","10"
"212","10","0.43","531","533"
"217","10","0.11","849","924"
"216","10","0.57","218","221"
"218","10","0.26","930","958"
"220","10","0.47","490","530"
"219","10","0.2","928","1016"
"230","1","0.88","0","8742"
"221","10","0.12","873","917"
"222","10","0.2","898","926"
"225","10","0.11","888","916"
"226","10","0.41","678","698"
"223","10","0.04","362","328"
"224","10","0.6","154","155"
"227","10","0.55","278","287"
"228","10","0.06","563","559"
"229","10","0.08","606","648"
"231","10","0.06","597","577"
"236","10","0.03","328","257"
"233","10","0.47","452","446"
"232","10","0.39","603","639"
"244","1","0.87","0","8666"
"234","10","0.08","649","680"
"246","2","0.84","0","1"
"237","10","0.06","716","716"
"235","10","0.26","1007","1026"
"249","1","0.97","0","9692"
"238","10","0.63","91","88"
"239","10","0.16","928","960"
"243","10","0.26","791","834"
"253","1","0.88","0","8821"
"240","10","0.09","756","775"
"241","10","0.2","928","974"
"242","10","0.07","777","778"
"257","1","0.82","0","8211"
"245","10","0.51","446","450"
"260","0","0","0","0"
"259","1","0.9","0","9063"
"261","1","0.88","0","8820"
"247","10","0.35","617","642"
"248","10","0.43","487","512"
"252","10","0.68","132","137"
"250","10","0.64","92","96"
"251","10","0.43","597","607"
"267","1","0.95","0","9499"
"255","10","0.69","110","110"
"254","10","0.21","862","912"
"258","10","0.53","213","225"
"256","10","0.17","818","891"
"262","10","0.52","357","366"
"273","0","0","0","0"
"263","10","0.61","99","101"
"276","1","0.98","0","9805"
"264","10","0.25","928","944"
"265","10","0.53","397","402"
"279","1","0.82","0","8210"
"268","10","0.18","914","943"
"266","10","0.57","518","521"
"270","10","0.05","538","516"
"269","10","0.07","701","701"
"271","10","0.76","31","31"
"272","10","0.2","897","947"
"277","10","0.15","850","926"
"286","1","0.88","0","8794"
"274","10","0.51","301","326"
"278","10","0.32","745","796"
"280","10","0.54","350","367"
"281","10","0.31","721","782"
"282","10","0.41","638","682"
"275","10","0.27","816","874"
"283","10","0.58","257","258"
"285","10","0.04","419","381"
"294","1","0.92","0","9228"
"284","10","0.11","827","901"
"287","10","0.22","867","920"
"288","10","0.03","362","301"
"300","1","0.96","0","9588"
"289","10","0.04","522","508"
"290","10","0.02","332","263"
"149","10","0.45","362","393"
"291","10","0.39","617","651"
"292","10","0.62","209","198"
"293","10","0.17","902","948"
"298","10","0.07","597","630"
"296","10","0.09","705","735"
"295","10","0.04","430","380"
"299","10","0.64","121","125"
"301","10","0.09","695","734"
"302","10","0.57","280","273"
"303","10","0.63","203","199"
"312","1","0.86","0","8622"
"305","10","0.43","553","578"
"297","10","0.13","881","958"
"306","10","0.46","481","485"
"307","10","0.74","9","9"
"309","10","0.62","135","140"
"310","10","0.43","499","509"
"308","10","0.11","876","910"
"311","10","0.15","782","815"
"313","10","0.51","330","349"
"324","0","0","0","0"
"314","10","0.25","793","893"
"315","10","0.3","855","872"
"317","10","0.12","810","846"
"316","10","0.04","296","269"
"318","10","0.66","82","88"
"320","10","0.39","583","573"
"322","10","0.11","821","843"
"321","10","0.42","520","545"
"329","1","0.88","0","8778"
"319","10","0.62","203","188"
"323","10","0.21","900","946"
"326","10","0.5","321","341"
"325","10","0.04","458","445"
"327","10","0.28","743","831"
"332","10","0.14","795","863"
"338","1","0.99","0","9916"
"341","1","0.86","0","8603"
"331","10","0.65","7","9"
"333","10","0.28","796","832"
"328","10","0.35","812","886"
"334","10","0.26","840","850"
"335","10","0.64","72","73"
"330","10","0.77","3","3"
"336","10","0.39","536","537"
"339","10","0.61","217","222"
"340","10","0.3","889","934"
"349","2","0.81","0","3"
"337","10","0.67","6","6"
"343","10","0.56","245","245"
"347","10","0.67","95","96"
"344","10","0.46","385","430"
"352","2","0.78","0","3"
"353","1","1","0","10005"
"342","10","0.26","860","909"
"346","10","0.38","657","716"
"357","2","0.77","0","1"
"360","1","0.98","0","9783"
"345","10","0.1","735","804"
"348","10","0.62","187","182"
"363","1","0.86","0","8577"
"364","1","0.86","0","8587"
"355","10","0.44","441","469"
"350","10","0.45","517","546"
"351","10","0.24","974","988"
"354","10","0.06","580","583"
"369","1","0.96","0","9641"
"356","10","0.72","15","14"
"358","10","0.16","857","949"
"359","10","0.07","689","721"
"374","1","0.79","0","7962"
"361","10","0.26","881","962"
"367","10","0.73","3","3"
"362","10","0.17","909","1000"
"366","10","0.69","133","130"
"368","10","0.06","593","585"
"365","10","0.77","3","3"
"373","10","0.07","678","640"
"371","10","0.38","692","704"
"370","10","0.01","47","35"
"372","10","0.09","762","828"
"383","1","0.93","0","9300"
"375","10","0.73","28","28"
"376","10","0.2","949","1020"
"387","1","0.95","0","9529"
"377","10","0.12","881","944"
"378","10","0.53","241","250"
"390","1","0.86","0","8563"
"391","2","0.81","0","1"
"379","10","0.77","56","56"
"382","10","0.3","850","840"
"393","1","0.95","0","9520"
"394","1","0.97","0","9686"
"395","0","0","0","0"
"385","10","0.02","161","131"
"380","10","0.38","682","720"
"381","10","0.17","865","969"
"384","10","0.44","456","450"
"400","1","0.88","0","8780"
"388","10","0.01","80","56"
"386","10","0.71","84","85"
"389","10","0.32","751","782"
"403","4","0.76","0","1"
"392","10","0.14","908","926"
"399","10","0.7","82","80"
"398","10","0.55","281","293"
"397","10","0.67","110","110"
"396","10","0.4","634","688"
"401","10","0.82","3","3"
"402","10","0.37","683","736"
"404","10","0.62","242","247"
"406","10","0.64","178","174"
"415","2","0.81","0","1"
"416","1","0.95","0","9499"
"405","10","0.34","796","813"
"408","10","0.02","240","188"
"409","10","0.22","845","906"
"407","10","0.56","268","271"
"414","10","0.74","31","31"
"410","10","0.51","379","387"
"422","2","0.77","0","4"
"411","10","0.63","93","97"
"413","10","0.74","56","56"
"412","10","0.5","404","423"
"417","10","0.36","747","769"
"418","10","0.41","577","611"
"419","10","0.11","801","865"
"423","10","0.76","28","28"
"420","10","0.18","884","951"
"431","1","0.91","0","9115"
"421","10","0.15","801","870"
"424","10","0.73","31","31"
"427","10","0.48","459","486"
"425","10","0.33","677","749"
"426","10","0.37","719","734"
"428","10","0.02","183","155"
"430","10","0.66","81","81"
"429","10","0.45","462","467"
"432","10","0.18","899","955"
"433","10","0.59","241","251"
"436","10","0.4","619","618"
"435","10","0.54","256","269"
"434","10","0.38","594","651"
"447","1","0.93","0","9295"
"446","2","0.83","0","1"
"437","10","0.73","31","31"
"441","10","0.44","548","551"
"439","10","0.54","361","361"
"449","1","0.87","0","8705"
"438","10","0.72","31","31"
"440","10","0.18","898","977"
"450","1","0.97","0","9698"
"443","10","0.59","314","315"
"304","10","0.41","539","562"
"454","1","0.9","0","9035"
"442","10","0.44","565","588"
"444","10","0.29","753","792"
"445","10","0.51","360","383"
"451","10","0.17","856","921"
"448","10","0.56","380","376"
"457","10","0.73","28","28"
"456","10","0.74","90","90"
"455","10","0.7","40","41"
"452","10","0.4","512","561"
"453","10","0.21","893","948"
"464","1","0.86","0","8631"
"465","1","0.93","0","9254"
"460","10","0.69","31","31"
"459","10","0.09","752","809"
"461","10","0.22","880","976"
"462","10","0.42","504","546"
"463","10","0.13","820","856"
"473","3","0.76","0","2"
"469","10","0.79","31","31"
"466","10","0.63","175","185"
"467","10","0.12","863","928"
"472","10","0.49","396","390"
"471","10","0.51","364","361"
"470","10","0.08","706","734"
"481","1","0.93","0","9312"
"458","1","0.82","0","8207"
"468","10","0.41","660","706"
"474","10","0.59","170","178"
"486","1","0.96","0","9588"
"475","10","0.82","3","3"
"488","1","0.96","0","9576"
"476","10","0.53","336","334"
"478","10","0.67","65","65"
"491","1","0.92","0","9210"
"477","10","0.25","967","986"
"479","10","0.67","80","68"
"480","10","0.48","501","542"
"495","1","0.86","0","8671"
"496","1","0.87","0","8723"
"489","10","0.11","974","1035"
"484","10","0.14","934","996"
"482","10","0.31","787","850"
"483","10","0.12","743","794"
"487","10","0.66","126","126"
"490","10","0.18","899","962"
"504","1","0.93","0","9315"
"493","10","0.29","930","953"
"494","10","0.66","75","75"
"492","10","0.15","820","901"
"499","10","0.62","159","160"
"498","10","0.05","613","564"
"500","10","0.3","845","909"
"497","10","0.73","28","30"
"503","10","0.52","343","335"
"501","10","0.07","660","673"
"502","10","0.73","68","62"
"505","10","0.42","502","514"
"506","10","0.1","763","843"
"507","10","0.61","96","98"
"510","10","0.63","201","199"
"509","10","0.6","117","120"
"511","10","0.6","203","204"
"508","10","0.17","967","983"
"519","2","0.77","0","4"
"512","10","0.49","458","460"
"522","1","0.86","0","8608"
"513","10","0.36","788","821"
"514","10","0.06","636","612"
"517","10","0.45","525","560"
"515","10","0.12","936","991"
"516","10","0.27","838","912"
"518","10","0.34","737","761"
"524","10","0.25","820","858"
"531","1","0.84","0","8353"
"521","10","0.4","573","605"
"523","10","0.38","644","670"
"520","10","0.74","36","36"
"525","10","0.39","571","601"
"527","10","0.25","850","904"
"526","10","0.3","825","884"
"539","0","0","0","0"
"528","10","0.79","3","3"
"540","1","0.85","0","8540"
"529","10","0.42","497","520"
"532","10","0.06","693","669"
"530","10","0.39","701","724"
"533","10","0.14","862","934"
"535","10","0.57","292","286"
"534","10","0.07","797","782"
"537","10","0.56","383","378"
"536","10","0.57","237","236"
"538","10","0.61","146","149"
"541","10","0.34","707","725"
"542","10","0.63","212","210"
"553","1","0.9","0","9011"
"552","2","0.8","0","2"
"543","10","0.55","268","280"
"545","10","0.51","355","374"
"546","10","0.08","632","667"
"557","1","0.95","0","9511"
"547","10","0.01","40","30"
"544","10","0.8","31","31"
"548","10","0.27","829","853"
"561","1","0.86","0","8643"
"549","10","0.26","849","878"
"562","3","0.76","0","2"
"551","10","0.71","42","41"
"550","10","0.69","90","90"
"564","1","0.98","0","9814"
"554","10","0.04","460","446"
"555","10","0.63","221","230"
"569","1","0.98","0","9809"
"556","10","0.43","556","556"
"559","10","0.35","647","700"
"485","10","0.48","388","389"
"560","10","0.01","40","28"
"558","10","0.49","283","300"
"573","2","0.8","0","3"
"576","1","0.94","0","9394"
"563","10","0.27","803","811"
"565","10","0.66","79","87"
"574","2","0.76","0","4"
"566","10","0.22","773","865"
"579","2","0.84","0","1"
"582","1","0.88","0","8840"
"567","10","0.17","846","903"
"568","10","0.16","899","926"
"571","10","0.6","199","201"
"570","10","0.12","960","1032"
"572","10","0.26","778","822"
"577","10","0.59","139","130"
"575","10","0.53","301","303"
"580","10","0.08","664","710"
"578","10","0.4","541","565"
"584","10","0.17","859","915"
"583","10","0.35","800","808"
"587","10","0.75","7","7"
"586","10","0.44","493","505"
"585","10","0.46","553","576"
"588","10","0.59","169","169"
"589","10","0.38","812","832"
"598","1","0.94","0","9402"
"595","2","0.84","0","1"
"590","10","0.16","752","803"
"581","10","0.2","914","985"
"591","10","0.36","714","793"
"605","1","0.95","0","9470"
"592","10","0.72","28","28"
"607","1","0.83","0","8336"
"594","10","0.65","119","115"
"596","10","0.1","801","848"
"593","10","0.75","62","62"
"599","10","0.06","526","508"
"597","10","0.24","955","990"
"603","10","0.14","954","1011"
"601","10","0.59","266","262"
"600","10","0.24","966","953"
"614","1","0.86","0","8546"
"602","10","0.48","448","459"
"617","1","0.9","0","8934"
"606","10","0.67","44","44"
"604","10","0.07","676","685"
"608","10","0.36","692","751"
"610","10","0.45","609","598"
"609","10","0.03","244","212"
"612","10","0.76","0","2"
"613","10","0.17","949","1012"
"625","1","0.88","0","8801"
"611","10","0.09","779","816"
"627","1","0.94","0","9388"
"615","10","0.76","0","2"
"616","10","0.66","85","82"
"618","10","0.43","494","513"
"619","10","0.42","592","595"
"620","10","0.69","74","76"
"633","1","0.97","0","9718"
"622","10","0.03","397","316"
"621","10","0.78","3","3"
"623","10","0.1","892","940"
"624","10","0.25","922","949"
"626","10","0.69","9","11"
"629","10","0.16","852","903"
"640","1","0.93","0","9292"
"631","10","0.73","6","6"
"632","10","0.44","515","548"
"630","10","0.68","103","107"
"628","10","0.27","861","878"
"643","1","0.93","0","9327"
"635","10","0.16","926","974"
"634","10","0.35","642","704"
"648","1","0.81","0","8103"
"649","1","0.92","0","9206"
"636","10","0.44","593","603"
"652","2","0.83","0","2"
"638","10","0.76","3","3"
"639","10","0.05","515","468"
"641","10","0.04","440","410"
"637","10","0.28","894","927"
"642","10","0.05","466","496"
"644","10","0.77","31","29"
"647","10","0.3","832","893"
"650","10","0.04","320","313"
"645","10","0.56","229","242"
"651","10","0.49","457","471"
"646","10","0.42","635","669"
"653","10","0.29","797","800"
"654","10","0.56","288","279"
"658","10","0.3","749","747"
"655","10","0.42","575","625"
"656","10","0.51","356","383"
"669","1","0.87","0","8702"
"659","10","0.63","52","51"
"661","10","0.16","714","752"
"660","10","0.12","824","884"
"657","10","0.6","197","199"
"663","10","0.12","887","906"
"665","10","0.59","308","306"
"662","10","0.18","902","980"
"666","10","0.69","96","96"
"675","2","0.8","0","2"
"664","10","0.41","604","607"
"667","10","0.56","276","281"
"672","10","0.43","543","562"
"671","10","0.71","55","60"
"668","10","0.71","9","11"
"670","10","0.62","158","154"
"673","10","0.61","255","261"
"676","10","0.41","598","624"
"677","10","0.71","58","56"
"678","10","0.19","983","1002"
"679","10","0.28","885","928"
"689","1","0.93","0","9319"
"674","10","0.71","31","31"
"680","10","0.44","478","488"
"691","1","0.9","0","9028"
"681","10","0.08","708","739"
"694","1","0.98","0","9810"
"690","3","0.77","0","1"
"682","10","0.22","879","997"
"683","10","0.49","377","387"
"685","10","0.58","237","235"
"699","1","0.88","0","8813"
"684","10","0.24","914","973"
"700","1","0.94","0","9430"
"687","10","0.04","429","378"
"686","10","0.63","155","157"
"688","10","0.04","459","421"
"703","2","0.84","0","1"
"707","1","0.99","0","9915"
"693","10","0.72","34","34"
"695","10","0.69","62","62"
"697","10","0.67","33","35"
"696","10","0.15","931","973"
"710","1","0.95","0","9483"
"711","1","0.92","0","9171"
"692","10","0.18","853","914"
"698","10","0.23","904","940"
"701","10","0.56","294","286"
"704","10","0.17","919","971"
"717","1","0.92","0","9235"
"706","10","0.72","56","56"
"705","10","0.18","872","925"
"721","1","0.89","0","8920"
"702","10","0.35","726","773"
"719","2","0.79","0","1"
"708","10","0.32","772","839"
"712","10","0.04","382","404"
"709","10","0.27","728","796"
"716","10","0.8","28","28"
"714","10","0.21","963","1050"
"713","10","0.46","609","606"
"715","10","0.7","45","47"
"718","10","0.42","668","705"
"720","10","0.08","943","943"
"722","10","0.16","783","872"
"725","10","0.25","877","936"
"724","10","0.09","863","911"
"723","10","0.01","86","62"
"731","3","0.74","0","2"
"734","2","0.77","0","3"
"726","10","0.57","203","203"
"728","10","0.81","28","28"
"739","2","0.77","0","1"
"730","10","0.03","375","296"
"742","1","0.99","0","9898"
"729","10","0.15","868","945"
"745","0","0","0","0"
"727","10","0.18","951","991"
"732","10","0.18","943","989"
"746","2","0.77","0","2"
"733","10","0.37","650","690"
"735","10","0.25","956","1029"
"736","10","0.18","803","891"
"737","10","0.08","671","690"
"738","10","0.71","6","6"
"740","10","0.55","257","265"
"741","10","0.63","135","138"
"743","10","0.61","301","321"
"744","10","0.12","784","803"
"748","10","0.3","911","932"
"757","2","0.75","0","11"
"750","10","0.64","150","141"
"749","10","0.49","428","417"
"747","10","0.36","693","746"
"762","1","0.85","0","8504"
"751","10","0.11","863","913"
"755","10","0.63","240","229"
"756","10","0.73","40","40"
"752","10","0.08","750","773"
"753","10","0.1","831","843"
"754","10","0.05","540","536"
"758","10","0.55","213","207"
"770","1","0.81","0","8154"
"759","10","0.15","926","947"
"761","10","0.57","243","247"
"760","10","0.16","835","900"
"775","1","0.89","0","8877"
"776","1","0.98","0","9812"
"766","10","0.41","581","617"
"765","10","0.74","3","3"
"764","10","0.17","811","840"
"767","10","0.21","1017","1060"
"768","10","0.45","448","458"
"763","10","0.57","310","299"
"782","1","0.91","0","9085"
"769","10","0.26","821","879"
"784","1","0.98","0","9772"
"773","10","0.35","825","875"
"774","10","0.63","214","214"
"783","2","0.78","0","2"
"788","0","0","0","0"
"787","1","0.97","0","9666"
"786","2","0.79","0","5"
"771","10","0.2","868","942"
"791","1","0.94","0","9449"
"790","3","0.83","0","2"
"793","1","0.91","0","9118"
"779","10","0.24","876","919"
"777","10","0.06","690","699"
"778","10","0.21","930","948"
"772","10","0.06","697","677"
"780","10","0.55","225","245"
"798","1","1","0","10005"
"781","10","0.51","387","425"
"802","1","0.9","0","8986"
"785","10","0.75","3","3"
"792","10","0.33","1005","1004"
"794","10","0.22","988","1010"
"795","10","0.68","63","65"
"806","1","0.89","0","8925"
"789","10","0.18","912","937"
"797","10","0.02","206","157"
"799","10","0.7","93","95"
"796","10","0.56","244","244"
"803","10","0.18","905","923"
"801","10","0.56","220","212"
"804","10","0.6","204","198"
"815","1","0.94","0","9372"
"800","10","0.06","669","649"
"805","10","0.51","305","297"
"807","10","0.01","40","28"
"811","10","0.78","28","28"
"812","10","0.29","853","857"
"810","10","0.45","598","619"
"808","10","0.32","823","875"
"809","10","0.41","587","605"
"814","10","0.04","638","556"
"816","10","0.25","872","892"
"813","10","0.02","84","71"
"817","10","0.04","405","385"
"820","10","0.55","275","285"
"818","10","0.37","661","673"
"819","10","0.09","708","756"
"821","10","0.03","420","333"
"822","10","0.72","31","31"
"824","10","0.11","861","912"
"826","10","0.3","854","892"
"825","10","0.47","390","423"
"835","1","0.94","0","9433"
"837","1","0.99","0","9910"
"823","10","0.4","630","653"
"827","10","0.12","814","889"
"828","10","0.05","649","591"
"829","10","0.73","59","59"
"841","2","0.79","0","1"
"830","10","0.47","461","430"
"845","1","0.91","0","9102"
"833","10","0.51","349","355"
"832","10","0.5","377","364"
"846","1","0.8","0","8079"
"834","10","0.25","843","883"
"831","10","0.5","362","376"
"836","10","0.17","889","986"
"838","10","0.67","46","46"
"839","10","0.29","940","986"
"851","1","0.99","0","9901"
"840","10","0.48","401","383"
"843","10","0.62","266","270"
"844","10","0.53","386","425"
"847","10","0.16","856","959"
"842","10","0.35","718","736"
"849","10","0.15","907","977"
"850","10","0.57","181","179"
"848","10","0.4","594","619"
"862","1","0.86","0","8603"
"853","10","0.58","285","307"
"852","10","0.43","571","573"
"854","10","0.56","251","275"
"867","1","0.97","0","9727"
"855","10","0.57","221","228"
"857","10","0.49","373","385"
"858","10","0.67","77","75"
"859","10","0.37","607","673"
"861","10","0.73","34","34"
"856","10","0.56","184","187"
"872","1","0.85","0","8506"
"870","2","0.84","0","1"
"873","1","0.94","0","9442"
"860","10","0.38","554","581"
"866","10","0.75","3","3"
"865","10","0.22","802","902"
"864","10","0.67","100","101"
"877","1","0.87","0","8733"
"863","10","0.41","560","606"
"868","10","0.29","868","918"
"871","10","0.43","550","541"
"875","10","0.1","844","914"
"869","10","0.51","424","436"
"876","10","0.35","651","684"
"882","10","0.62","196","197"
"879","10","0.3","804","866"
"880","10","0.18","877","887"
"881","10","0.54","321","349"
"874","10","0.09","840","845"
"878","10","0.03","223","191"
"883","10","0.23","905","929"
"884","10","0.35","749","773"
"893","1","0.99","0","9921"
"886","10","0.22","837","910"
"885","10","0.22","833","882"
"890","10","0.73","3","3"
"889","10","0.28","780","816"
"899","1","0.92","0","9232"
"891","10","0.31","835","862"
"888","10","0.55","266","280"
"892","10","0.28","922","937"
"887","10","0.35","664","707"
"896","10","0.29","801","820"
"902","1","0.98","0","9824"
"894","10","0.09","750","791"
"895","10","0.79","28","28"
"907","1","0.86","0","8625"
"909","1","0.94","0","9375"
"897","10","0.08","729","763"
"913","1","0.84","0","8373"
"898","10","0.46","484","501"
"901","10","0.56","198","195"
"900","10","0.2","883","895"
"905","10","0.35","661","705"
"903","10","0.37","684","739"
"917","1","0.89","0","8877"
"904","10","0.27","809","837"
"906","10","0.64","177","178"
"908","10","0.72","31","31"
"911","10","0.67","86","85"
"912","10","0.2","863","917"
"910","10","0.5","280","299"
"915","10","0.65","129","129"
"916","10","0.31","923","990"
"918","10","0.73","31","31"
"914","10","0.7","121","121"
"920","10","0.39","635","633"
"919","10","0.41","566","592"
"921","10","0.78","3","3"
"933","1","0.98","0","9819"
"924","10","0.79","3","3"
"922","10","0.58","236","215"
"923","10","0.13","900","932"
"936","1","0.99","0","9893"
"926","10","0.73","112","112"
"925","10","0.14","880","953"
"927","10","0.4","610","629"
"941","1","0.91","0","9098"
"928","10","0.41","593","618"
"929","10","0.02","214","172"
"931","10","0.63","118","125"
"930","10","0.66","122","129"
"932","10","0.45","523","537"
"935","10","0.64","146","131"
"934","10","0.61","283","286"
"937","10","0.07","703","718"
"939","10","0.67","185","188"
"940","10","0.58","189","202"
"942","10","0.56","314","310"
"938","10","0.7","61","61"
"943","10","0.59","249","244"
"944","10","0.23","962","1027"
"945","10","0.27","855","924"
"954","1","0.87","0","8725"
"955","2","0.78","0","3"
"947","10","0.34","695","749"
"960","1","0.98","0","9816"
"948","10","0.44","558","583"
"949","10","0.14","953","1014"
"946","10","0.67","115","103"
"950","10","0.14","923","962"
"951","10","0.6","194","194"
"952","10","0.69","95","95"
"965","2","0.77","0","5"
"957","10","0.57","245","248"
"959","10","0.73","34","34"
"956","10","0.4","551","549"
"953","10","0.11","837","859"
"969","2","0.81","0","3"
"961","10","0.61","115","117"
"958","10","0.37","729","760"
"963","10","0.07","672","701"
"962","10","0.19","771","840"
"966","10","0.54","437","461"
"977","2","0.82","0","1"
"978","1","0.99","0","9905"
"968","10","0.67","65","65"
"970","10","0.23","840","904"
"971","10","0.28","888","926"
"967","10","0.54","362","374"
"981","1","0.86","0","8566"
"972","10","0.64","186","179"
"973","10","0.53","379","365"
"982","1","1","0","10005"
"964","10","0.32","705","756"
"980","2","0.83","0","1"
"990","1","0.89","0","8943"
"985","2","0.79","0","3"
"983","3","0.76","0","1"
"974","10","0.33","713","770"
"991","1","0.91","0","9117"
"995","1","0.99","0","9909"
"976","10","0.34","731","757"
"975","10","0.49","396","385"
"979","10","0.56","273","279"
"986","10","0.33","811","862"
"988","10","0.74","90","90"
"987","10","0.52","354","367"
"984","10","0.52","394","415"
"1000","1","0.96","0","9575"
"994","10","0.43","549","568"
"993","10","0.39","601","624"
"992","10","0.1","836","845"
"989","10","0.07","681","684"
"996","10","0.6","232","217"
"997","10","0.21","982","951"
"1007","3","0.77","0","2"
"1009","1","0.97","0","9725"
"999","10","0.04","483","425"
"1001","10","0.01","120","84"
"1002","10","0.49","436","461"
"998","10","0.03","349","276"
"1015","1","0.86","0","8599"
"1004","10","0.52","487","499"
"1005","10","0.52","283","286"
"1003","10","0.46","396","420"
"1006","10","0.46","472","482"
"1021","2","0.8","0","2"
"1008","10","0.03","359","314"
"1010","10","0.3","835","903"
"1011","10","0.07","837","841"
"1012","10","0.21","917","986"
"1014","10","0.68","68","70"
"1013","10","0.56","297","284"
"1017","10","0.6","94","99"
"1016","10","0.72","28","28"
"1020","10","0.07","570","585"
"1028","2","0.83","0","1"
"1019","10","0.58","257","247"
"1018","10","0.36","690","740"
"1030","2","0.81","0","1"
"1031","1","0.88","0","8736"
"1023","10","0.31","854","883"
"1022","10","0.03","301","248"
"1035","1","0.9","0","9056"
"1024","10","0.11","786","811"
"1025","10","0.46","409","433"
"1029","10","0.4","648","667"
"1026","10","0.19","891","922"
"1032","10","0.12","889","931"
"1036","10","0.02","275","215"
"1027","10","0.03","498","411"
"1033","10","0.14","899","954"
"1034","10","0.23","958","968"
"1037","10","0.75","28","28"
"1038","10","0.54","318","322"
"1040","10","0.74","31","31"
"1047","1","0.88","0","8828"
"1039","10","0.54","361","355"
"1050","2","0.73","0","6"
"1041","10","0.2","881","928"
"1043","10","0.04","332","308"
"1042","10","0.68","47","45"
"1045","10","0.28","832","852"
"1044","10","0.05","537","536"
"1046","10","0.44","631","630"
"1048","10","0.57","213","235"
"1051","10","0.25","908","947"
"1052","10","0.02","227","183"
"1049","10","0.22","949","1031"
"1055","10","0.04","459","445"
"1064","1","0.9","0","8993"
"1066","1","0.98","0","9835"
"1054","10","0.71","3","3"
"1053","10","0.46","369","384"
"1056","10","0.05","501","476"
"1069","1","0.9","0","8961"
"1060","10","0.74","34","34"
"1071","1","0.86","0","8600"
"1059","10","0.73","3","5"
"1058","10","0.08","722","706"
"1075","2","0.85","0","2"
"1062","10","0.45","391","409"
"1063","10","0.4","684","677"
"1061","10","0.54","326","308"
"1076","1","0.9","0","9013"
"1079","1","0.91","0","9086"
"1057","10","0.73","34","34"
"1065","10","0.22","882","930"
"1070","10","0.01","40","28"
"1067","10","0.24","853","889"
"1074","10","0.76","31","31"
"1068","10","0.59","204","207"
"1078","10","0.51","303","313"
"1077","10","0.12","875","932"
"1073","10","0.33","840","858"
"1088","1","0.84","0","8463"
"1080","10","0.47","494","498"
"1082","10","0.33","725","776"
"1072","10","0.34","807","850"
"1081","10","0.74","3","5"
"1084","10","0.73","62","62"
"1083","10","0.52","438","436"
"1085","10","0.4","614","648"
"1086","10","0.37","708","718"
"1089","10","0.71","67","67"
"1087","10","0.56","265","271"
"1091","10","0.61","164","163"
"1093","10","0.09","758","778"
"1094","10","0.51","362","367"
"1092","10","0.63","196","208"
"1090","10","0.13","809","827"
"1104","1","0.87","0","8711"
"1095","10","0.26","973","1016"
"1106","1","0.88","0","8795"
"1096","10","0.16","924","976"
"1097","10","0.46","385","402"
"1098","10","0.47","397","404"
"1100","10","0.5","314","319"
"1099","10","0.69","47","51"
"1101","10","0.33","753","790"
"1102","10","0.51","252","262"
"1103","10","0.46","438","424"
"1116","2","0.76","0","4"
"1107","10","0.09","750","754"
"1105","10","0.58","181","184"
"1108","10","0.02","281","216"
"1118","2","0.75","0","3"
"1119","2","0.77","0","2"
"1110","10","0.62","94","92"
"1113","10","0.05","597","575"
"1123","1","0.94","0","9405"
"1122","2","0.83","0","1"
"1111","10","0.64","121","121"
"1112","10","0.38","709","735"
"1109","10","0.42","577","574"
"1114","10","0.72","31","31"
"1129","2","0.76","0","8"
"1117","10","0.76","59","59"
"1115","10","0.11","969","998"
"1120","10","0.49","425","456"
"1125","10","0.76","6","6"
"1133","5","0.73","0","1"
"1121","10","0.36","629","656"
"1124","10","0.07","624","633"
"1126","10","0.27","940","1000"
"1128","10","0.65","111","111"
"1127","10","0.83","3","3"
"1132","10","0.73","40","39"
"1130","10","0.42","632","645"
"1134","10","0.42","445","498"
"1131","10","0.54","344","346"
"1144","1","0.89","0","8882"
"1136","10","0.03","516","450"
"1135","10","0.53","261","267"
"1138","10","0.76","28","28"
"1139","10","0.37","733","786"
"1149","2","0.79","0","2"
"1141","10","0.36","742","786"
"1140","10","0.09","830","880"
"1150","1","0.94","0","9381"
"1151","1","0.86","0","8583"
"1142","10","0.68","93","95"
"1137","10","0.75","6","6"
"1143","10","0.72","56","56"
"1159","0","0","0","0"
"1145","10","0.51","342","350"
"1148","10","0.73","37","37"
"1146","10","0.79","28","28"
"1147","10","0.36","684","670"
"1153","10","0.21","842","893"
"1154","10","0.39","685","698"
"1152","10","0.1","792","798"
"1155","10","0.29","876","887"
"1156","10","0.52","315","324"
"1157","10","0.65","124","125"
"1160","10","0.72","41","49"
"1170","2","0.76","0","5"
"1162","10","0.58","195","207"
"1161","10","0.62","92","97"
"1172","2","0.78","0","3"
"1173","2","0.83","0","1"
"1158","10","0.22","865","896"
"1166","10","0.57","218","206"
"1163","10","0.48","454","484"
"1168","10","0.67","71","71"
"1164","10","0.3","838","845"
"1167","10","0.75","31","31"
"1165","10","0.6","237","245"
"1169","10","0.24","884","948"
"1171","10","0.39","519","535"
"1175","10","0.22","836","918"
"1174","10","0.27","849","880"
"1176","10","0.33","776","830"
"1177","10","0.07","657","643"
"1186","2","0.8","0","4"
"1178","10","0.52","265","285"
"1180","10","0.44","428","438"
"1183","10","0.23","997","1053"
"1192","1","0.84","0","8469"
"1182","10","0.67","106","109"
"1181","10","0.65","135","138"
"1179","10","0.35","817","834"
"1184","10","0.15","822","883"
"1185","10","0.73","3","3"
"1196","1","0.83","0","8316"
"1195","3","0.01","0","1"
"1188","10","0.36","694","740"
"1187","10","0.43","463","471"
"1189","10","0.79","28","28"
"1190","10","0.14","884","896"
"1191","10","0.32","786","846"
"1193","10","0.53","230","233"
"1194","10","0.02","172","127"
"1206","2","0.86","0","1"
"1198","10","0.76","12","12"
"1210","0","0","0","0"
"1199","10","0.5","416","426"
"1202","10","0.09","776","811"
"1201","10","0.55","207","209"
"1197","10","0.59","186","192"
"1204","10","0.35","815","851"
"1200","10","0.45","442","463"
"1203","10","0.18","915","965"
"1205","10","0.19","888","943"
"1207","10","0.59","256","244"
"1209","10","0.4","631","659"
"1208","10","0.41","566","613"
"1211","10","0.68","140","148"
"1213","10","0.14","928","974"
"1212","10","0.24","960","977"
"1216","10","0.68","93","89"
"1214","10","0.02","179","142"
"1215","10","0.57","186","186"
"1217","10","0.61","61","62"
"1218","10","0.63","95","94"
"1220","10","0.69","102","102"
"1228","2","0.8","0","4"
"1219","10","0.29","897","935"
"1221","10","0.38","672","707"
"1222","10","0.76","3","3"
"1224","10","0.7","7","9"
"1223","10","0.34","692","750"
"1226","10","0.33","866","919"
"1238","1","0.95","0","9572"
"1239","1","0.82","0","8112"
"1227","10","0.34","663","729"
"1225","10","0.77","3","3"
"1229","10","0.55","254","252"
"1240","1","0.88","0","8819"
"1231","10","0.44","554","618"
"1233","10","0.06","549","543"
"1245","1","0.87","0","8762"
"1230","10","0.42","630","641"
"1232","10","0.03","339","303"
"1242","1","0.9","0","9005"
"1234","10","0.68","81","78"
"1235","10","0.31","771","761"
"1248","2","0.8","0","4"
"1236","10","0.47","411","418"
"1237","10","0.6","103","110"
"1255","1","0.97","0","9703"
"1256","1","0.99","0","9932"
"1241","10","0.81","28","28"
"1244","10","0.32","798","839"
"1247","10","0.68","3","3"
"1258","1","0.94","0","9386"
"1246","10","0.1","1011","1061"
"1243","10","0.1","810","841"
"1251","10","0.37","680","697"
"1249","10","0.72","93","93"
"1262","1","0.91","0","9047"
"1264","1","0.82","0","8208"
"1252","10","0.27","824","863"
"1263","1","0.87","0","8669"
"1253","10","0.06","703","706"
"1268","2","0.83","0","1"
"1250","10","0.6","127","133"
"1254","10","0.15","829","918"
"1257","10","0.48","472","499"
"1259","10","0.41","618","632"
"1260","10","0.4","657","692"
"1261","10","0.42","565","568"
"1266","10","0.67","63","61"
"1265","10","0.32","775","808"
"1267","10","0.59","253","254"
"1270","10","0.01","47","35"
"1271","10","0.5","455","479"
"1273","10","0.66","68","65"
"1269","10","0.52","350","335"
"1282","2","0.77","0","7"
"1275","10","0.73","15","14"
"1272","10","0.46","470","474"
"1274","10","0.22","836","888"
"1285","2","0.82","0","2"
"1276","10","0.56","283","295"
"1290","1","0.97","0","9710"
"1278","10","0.24","815","799"
"1277","10","0.49","419","419"
"1279","10","0.6","70","72"
"1293","1","0.97","0","9726"
"1280","10","0.28","757","818"
"1281","10","0.29","827","889"
"1283","10","0.25","782","835"
"1286","10","0.37","753","795"
"1284","10","0.46","438","469"
"1288","10","0.46","394","393"
"1289","10","0.05","493","460"
"1291","10","0.57","240","245"
"1287","10","0.43","461","506"
"1292","10","0.55","273","277"
"1296","10","0.04","445","411"
"1305","1","0.88","0","8753"
"1295","10","0.04","522","473"
"1294","10","0.18","917","945"
"1298","10","0.27","861","906"
"1297","10","0.31","811","859"
"1299","10","0.29","868","888"
"1310","1","0.95","0","9550"
"1312","1","0.88","0","8842"
"1311","2","0.78","0","3"
"1300","10","0.34","788","809"
"1314","1","0.92","0","9212"
"1302","10","0.57","245","258"
"1301","10","0.06","602","615"
"1303","10","0.23","939","917"
"1319","1","0.96","0","9603"
"1320","1","0.97","0","9725"
"1306","10","0.06","690","680"
"1304","10","0.67","40","43"
"1322","1","0.95","0","9484"
"1307","10","0.24","886","923"
"1323","1","0.97","0","9689"
"1325","2","0.82","0","1"
"1308","10","0.45","524","509"
"1328","1","0.99","0","9914"
"1329","1","0.96","0","9631"
"1309","10","0.52","441","449"
"1313","10","0.13","837","910"
"1317","10","0.5","421","423"
"1332","2","0.8","0","4"
"1315","10","0.72","34","34"
"1316","10","0.67","139","127"
"1318","10","0.36","642","679"
"1335","1","0.93","0","9302"
"1321","10","0.71","74","74"
"1327","10","0.1","860","894"
"1326","10","0.35","669","712"
"1330","10","0.58","237","254"
"1324","10","0.55","236","241"
"1331","10","0.33","1009","1018"
"1344","1","0.81","0","8141"
"1334","10","0.71","87","87"
"1333","10","0.66","107","114"
"1338","10","0.71","99","99"
"1346","2","0.8","0","1"
"1336","10","0.45","422","453"
"1337","10","0.78","6","6"
"1339","10","0.71","28","28"
"1340","10","0.05","661","642"
"1352","1","0.84","0","8431"
"1341","10","0.59","287","291"
"1342","10","0.68","47","46"
"1343","10","0.35","810","857"
"1357","1","0.92","0","9206"
"1345","10","0.7","69","71"
"1347","10","0.11","766","837"
"1348","10","0.72","36","31"
"1358","2","0.85","0","2"
"1349","10","0.72","14","12"
"1362","2","0.79","0","1"
"1354","10","0.57","230","244"
"1351","10","0.1","836","900"
"1350","10","0.16","820","904"
"1356","10","0.54","304","315"
"1366","2","0.75","0","5"
"1369","1","0.97","0","9712"
"1368","1","0.96","0","9592"
"1353","10","0.45","519","558"
"1355","10","0.12","900","906"
"1363","10","0.55","212","222"
"1361","10","0.41","582","611"
"1359","10","0.13","972","1012"
"1360","10","0.35","679","704"
"1364","10","0.77","28","28"
"1365","10","0.46","449","507"
"1377","2","0.85","0","1"
"1380","1","0.91","0","9081"
"1370","10","0.2","811","892"
"1382","1","0.94","0","9397"
"1367","10","0.18","980","1061"
"1371","10","0.42","597","602"
"1386","1","1","0","10005"
"1372","10","0.63","132","137"
"1374","10","0.62","127","127"
"1387","1","0.82","0","8243"
"1373","10","0.04","450","384"
"1376","10","0.01","86","63"
"1375","10","0.45","523","526"
"1379","10","0.13","917","939"
"1378","10","0.42","575","589"
"1383","10","0.11","763","824"
"1381","10","0.75","59","59"
"1397","1","0.92","0","9257"
"1384","10","0.4","574","591"
"1385","10","0.32","840","876"
"1399","1","0.89","0","8952"
"1390","10","0.48","513","544"
"1388","10","0.57","312","310"
"1389","10","0.19","992","1064"
"1401","2","0.81","0","1"
"1392","10","0.66","128","129"
"1406","1","0.88","0","8816"
"1403","1","0.81","0","8124"
"1391","10","0.44","537","562"
"1393","10","0.15","859","904"
"1394","10","0.17","818","846"
"1395","10","0.13","861","896"
"1396","10","0.33","854","924"
"1411","1","0.9","0","9001"
"1398","10","0.57","225","217"
"1400","10","0.12","889","896"
"1402","10","0.37","703","714"
"1416","1","0.94","0","9404"
"1405","10","0.54","222","235"
"1404","10","0.67","174","174"
"1407","10","0.42","550","566"
"1421","1","0.88","0","8819"
"1408","10","0.59","231","235"
"1410","10","0.47","394","422"
"1413","10","0.57","264","274"
"1423","1","0.86","0","8653"
"1414","10","0.51","406","424"
"1409","10","0.5","497","518"
"1424","2","0.86","0","1"
"1412","10","0.51","398","419"
"1426","2","0.74","0","7"
"1417","10","0.25","950","959"
"1415","10","0.6","117","125"
"1418","10","0.24","929","966"
"1419","10","0.7","59","59"
"1422","10","0.13","893","946"
"1420","10","0.28","786","878"
"1425","10","0.14","915","946"
"1427","10","0.14","942","1037"
"1429","10","0.58","241","234"
"1430","10","0.39","628","719"
"1428","10","0.78","3","3"
"1431","10","0.33","777","824"
"1441","1","0.99","0","9903"
"1432","10","0.24","894","958"
"1442","1","0.93","0","9295"
"1443","1","0.87","0","8658"
"1434","10","0.63","58","59"
"1433","10","0.72","6","6"
"1436","10","0.18","932","999"
"1438","10","0.32","760","807"
"1435","10","0.68","31","33"
"1452","1","0.97","0","9743"
"1437","10","0.59","214","223"
"1439","10","0.12","789","854"
"1440","10","0.33","627","740"
"1454","1","0.82","0","8250"
"1445","10","0.34","730","756"
"1458","1","0.87","0","8699"
"1444","10","0.46","414","423"
"1446","10","0.04","417","338"
"1447","10","0.01","40","28"
"1450","10","0.65","123","115"
"1449","10","0.43","615","630"
"1451","10","0.56","245","265"
"1448","10","0.36","678","700"
"1463","1","0.96","0","9629"
"1464","2","0.77","0","5"
"1453","10","0.56","259","254"
"1468","1","0.93","0","9304"
"1455","10","0.23","928","980"
"1456","10","0.04","381","349"
"1472","1","0.95","0","9477"
"1457","10","0.24","932","981"
"1459","10","0.58","216","221"
"1460","10","0.16","985","1020"
"1461","10","0.02","267","215"
"1462","10","0.63","151","154"
"1477","1","0.93","0","9312"
"1465","10","0.69","173","173"
"1467","10","0.11","807","890"
"1478","1","0.89","0","8951"
"1466","10","0.08","756","775"
"1469","10","0.38","650","695"
"1471","10","0.51","370","370"
"1473","10","0.19","857","942"
"1470","10","0.27","788","842"
"1475","10","0.07","663","682"
"1476","10","0.14","875","901"
"1480","10","0.25","861","891"
"1481","10","0.49","438","450"
"1474","10","0.18","961","943"
"1490","1","0.98","0","9793"
"1479","10","0.04","459","413"
"1492","1","0.9","0","8982"
"1484","10","0.71","116","115"
"1493","1","0.97","0","9690"
"1482","10","0.53","411","408"
"1485","10","0.07","711","746"
"1483","10","0.52","238","243"
"1486","10","0.61","173","172"
"1500","1","0.99","0","9908"
"1487","10","0.45","409","415"
"1488","10","0.14","888","915"
"1489","10","0.12","810","910"
"1491","10","0.77","35","39"
"1494","10","0.2","978","1023"
"1497","10","0.07","642","646"
"1496","10","0.65","150","150"
"1499","10","0.32","722","771"
"1507","1","0.84","0","8377"
"1495","10","0.32","828","859"
"1510","1","0.96","0","9600"
"1513","1","0.9","0","9018"
"1511","2","0.9","0","1"
"1498","10","0.17","961","1003"
"1501","10","0.33","851","849"
"1502","10","0.61","166","171"
"1504","10","0.43","497","545"
"1517","1","0.91","0","9080"
"1519","1","0.85","0","8469"
"1521","1","0.97","0","9725"
"1503","10","0.12","942","990"
"1506","10","0.26","808","839"
"1505","10","0.17","996","1026"
"1508","10","0.06","538","544"
"1509","10","0.73","31","31"
"1515","10","0.06","523","564"
"1514","10","0.02","185","138"
"1512","10","0.34","685","730"
"1516","10","0.53","374","384"
"1518","10","0.63","123","123"
"1520","10","0.03","265","214"
"1530","2","0.82","0","1"
"1524","10","0.51","424","412"
"1522","10","0.16","879","925"
"1526","10","0.72","34","34"
"1525","10","0.44","479","527"
"1523","10","0.57","301","288"
"1527","10","0.42","517","528"
"1540","2","0.84","0","3"
"1528","10","0.16","948","996"
"1529","10","0.21","865","950"
"1532","10","0.68","186","184"
"1533","10","0.15","895","931"
"1531","10","0.38","586","610"
"1535","10","0.48","468","465"
"1536","10","0.49","420","419"
"1537","10","0.5","368","377"
"1534","10","0.64","145","145"
"1549","1","0.84","0","8392"
"1538","10","0.6","137","139"
"1539","10","0.12","944","995"
"1553","1","0.89","0","8862"
"1541","10","0.58","208","212"
"1542","10","0.35","709","706"
"1543","10","0.73","32","32"
"1545","10","0.17","897","987"
"1556","1","0.96","0","9593"
"1544","10","0.18","866","972"
"1548","10","0.73","31","29"
"1547","10","0.56","448","445"
"1557","2","0.8","0","2"
"1546","10","0.34","741","813"
"1551","10","0.11","757","823"
"1563","2","0.79","0","5"
"1552","10","0.43","564","546"
"1550","10","0.37","666","679"
"1567","2","0.85","0","1"
"1554","10","0.5","381","412"
"1555","10","0.56","270","274"
"1558","10","0.5","343","359"
"1561","10","0.32","780","852"
"1560","10","0.34","764","838"
"1562","10","0.34","739","798"
"1575","1","0.86","0","8569"
"1559","10","0.6","230","226"
"1565","10","0.26","920","954"
"1566","10","0.34","766","865"
"1564","10","0.18","888","949"
"1576","1","0.91","0","9129"
"1579","1","0.85","0","8524"
"1569","10","0.53","288","294"
"1568","10","0.14","910","902"
"1570","10","0.76","28","28"
"1584","1","0.89","0","8872"
"1571","10","0.17","898","946"
"1572","10","0.08","644","634"
"1573","10","0.48","535","564"
"1588","1","0.95","0","9498"
"1587","1","0.96","0","9605"
"1574","10","0.73","6","6"
"1578","10","0.77","6","6"
"1581","10","0.71","30","29"
"1577","10","0.13","899","969"
"1582","10","0.03","210","192"
"1580","10","0.05","474","475"
"1595","1","0.93","0","9348"
"1596","1","0.93","0","9288"
"1583","10","0.47","470","503"
"1598","1","0.81","0","8070"
"1600","1","0.86","0","8591"
"1585","10","0.23","816","891"
"1589","10","0.76","3","3"
"1603","1","0.84","0","8370"
"1586","10","0.31","767","792"
"1593","10","0.19","906","961"
"1592","10","0.41","642","653"
"1591","10","0.27","854","910"
"1594","10","0.3","829","881"
"1590","10","0.56","416","383"
"1599","10","0.62","253","266"
"1597","10","0.53","328","326"
"1602","10","0.79","3","3"
"1601","10","0.34","585","643"
"1604","10","0.66","199","205"
"1607","10","0.56","223","228"
"1605","10","0.05","482","459"
"1610","10","0.63","96","96"
"1608","10","0.06","602","644"
"1609","10","0.74","3","3"
"1606","10","0.13","830","865"
"1618","1","0.94","0","9423"
"1611","10","0.74","59","59"
"1622","1","0.97","0","9729"
"1624","1","0.87","0","8684"
"1626","0","0","0","0"
"1625","1","0.93","0","9310"
"1612","10","0.76","3","3"
"1613","10","0.59","286","291"
"1616","10","0.28","863","859"
"1630","1","0.89","0","8845"
"1614","10","0.17","978","1010"
"1615","10","0.57","335","317"
"1617","10","0.22","864","875"
"1631","1","0.89","0","8887"
"1635","1","0.98","0","9811"
"1619","10","0.54","305","304"
"1623","10","0.09","865","865"
"1627","10","0.75","48","36"
"1620","10","0.09","785","776"
"1621","10","0.55","303","323"
"1628","10","0.52","349","363"
"1629","10","0.41","595","623"
"1644","1","0.85","0","8486"
"1636","10","0.48","361","357"
"1632","10","0.18","896","1017"
"1637","10","0.69","96","97"
"1633","10","0.64","200","201"
"1646","1","0.84","0","8376"
"1638","10","0.38","698","738"
"1634","10","0.32","776","830"
"1652","1","0.85","0","8500"
"1640","10","0.36","696","685"
"1639","10","0.48","454","472"
"1641","10","0.26","911","893"
"1642","10","0.35","784","806"
"1656","1","0.89","0","8871"
"1643","10","0.03","317","266"
"1645","10","0.61","144","140"
"1647","10","0.02","183","138"
"1651","10","0.66","79","87"
"1650","10","0.09","717","714"
"1649","10","0.08","626","640"
"1648","10","0.27","909","944"
"1663","2","0.8","0","1"
"1653","10","0.17","871","901"
"1654","10","0.25","905","963"
"1655","10","0.64","136","138"
"1658","10","0.65","107","106"
"1657","10","0.11","750","800"
"1659","10","0.08","703","726"
"1660","10","0.83","3","3"
"1662","10","0.2","954","1001"
"1661","10","0.31","836","851"
"1664","10","0.21","871","915"
"1666","10","0.07","752","750"
"1672","3","0.87","0","1"
"1676","1","0.93","0","9249"
"1665","10","0.1","834","849"
"1668","10","0.73","2","2"
"1667","10","0.67","163","169"
"1679","1","0.85","0","8523"
"1669","10","0.47","466","468"
"1671","10","0.51","369","373"
"1670","10","0.2","953","1047"
"1673","10","0.01","37","28"
"1674","10","0.39","648","670"
"1677","10","0.29","904","941"
"1675","10","0.34","802","860"
"1681","10","0.64","69","72"
"1680","10","0.64","123","121"
"1682","10","0.39","747","775"
"1678","10","0.12","873","920"
"1685","10","0.72","59","59"
"1683","10","0.15","912","940"
"1694","1","0.88","0","8854"
"1684","10","0.28","908","939"
"1688","10","0.7","28","33"
"1687","10","0.45","399","434"
"1686","10","0.11","812","830"
"1689","10","0.45","491","512"
"1702","1","0.94","0","9390"
"1690","10","0.56","180","203"
"1695","10","0.05","634","620"
"1691","10","0.41","633","643"
"1696","10","0.26","854","876"
"1693","10","0.44","474","463"
"1692","10","0.1","867","938"
"1708","1","0.87","0","8667"
"1698","10","0.45","415","414"
"1710","1","0.98","0","9812"
"1699","10","0.39","606","658"
"1697","10","0.71","31","31"
"1713","1","0.97","0","9684"
"1712","1","0.98","0","9791"
"1700","10","0.29","974","949"
"1717","1","0.94","0","9406"
"1718","1","0.82","0","8148"
"1703","10","0.7","28","28"
"1705","10","0.52","382","390"
"1706","10","0.15","802","854"
"1701","10","0.37","649","658"
"1704","10","0.76","34","34"
"1722","2","0.81","0","1"
"1721","2","0.86","0","1"
"1707","10","0.53","426","418"
"1709","10","0.34","679","696"
"1715","10","0.4","538","552"
"1711","10","0.31","676","733"
"1714","10","0.71","34","34"
"1716","10","0.03","344","303"
"1720","10","0.25","848","897"
"1719","10","0.24","860","971"
"1734","1","0.9","0","8982"
"1726","10","0.01","40","28"
"1725","10","0.01","74","52"
"1724","10","0.16","887","972"
"1727","10","0.03","178","153"
"1723","10","0.37","676","748"
"1736","1","0.99","0","9917"
"1729","10","0.36","560","588"
"1728","10","0.33","787","839"
"1730","10","0.55","280","271"
"1731","10","0.21","886","898"
"1732","10","0.76","84","84"
"1733","10","0.6","110","117"
"1746","1","0.94","0","9418"
"1748","1","0.89","0","8879"
"1737","10","0.61","171","174"
"1735","10","0.65","39","42"
"1741","10","0.61","139","139"
"1751","1","0.89","0","8956"
"1739","10","0.55","229","235"
"1738","10","0.26","827","847"
"1740","10","0.68","122","122"
"1742","10","0.38","606","651"
"1754","2","0.86","0","1"
"1756","1","0.89","0","8896"
"1757","1","0.89","0","8890"
"1747","10","0.6","177","176"
"1744","10","0.64","81","88"
"1745","10","0.52","318","352"
"1743","10","0.32","764","777"
"1761","1","0.92","0","9244"
"1749","10","0.55","282","291"
"1750","10","0.34","843","838"
"1766","1","0.9","0","8956"
"1752","10","0.22","939","965"
"1767","1","0.92","0","9210"
"1764","3","0.81","0","2"
"1753","10","0.42","625","630"
"1755","10","0.17","798","866"
"1772","1","0.9","0","8981"
"1773","1","0.99","0","9898"
"1758","10","0.26","882","905"
"1774","1","0.9","0","8979"
"1760","10","0.12","868","883"
"1776","1","0.89","0","8875"
"1778","1","0.85","0","8487"
"1759","10","0.2","862","910"
"1781","1","0.91","0","9073"
"1765","10","0.7","89","95"
"1762","10","0.46","493","535"
"1769","10","0.47","430","441"
"1768","10","0.53","448","440"
"1763","10","0.26","893","987"
"1771","10","0.42","514","540"
"1770","10","0.48","415","427"
"1777","10","0.68","86","84"
"1775","10","0.14","888","937"
"1780","10","0.01","43","31"
"1779","10","0.02","273","198"
"1785","10","0.62","209","217"
"1783","10","0.05","434","416"
"1794","1","0.94","0","9453"
"1786","10","0.46","375","387"
"1784","10","0.52","407","445"
"1782","10","0.5","356","366"
"1788","10","0.43","432","447"
"1787","10","0.06","570","551"
"1789","10","0.54","374","358"
"1792","10","0.49","413","426"
"1793","10","0.55","287","293"
"1790","10","0.29","909","933"
"1791","10","0.64","210","215"
"1795","10","0.07","646","681"
"1796","10","0.02","282","227"
"1806","2","0.81","0","2"
"1797","10","0.51","431","429"
"1808","1","0.92","0","9177"
"1798","10","0.52","416","435"
"1799","10","0.3","887","952"
"1800","10","0.65","99","96"
"1801","10","0.38","568","629"
"1802","10","0.3","772","811"
"1803","10","0.06","602","596"
"1805","10","0.55","341","343"
"1804","10","0.69","55","56"
"1807","10","0.02","102","79"
"1819","2","0.8","0","1"
"1810","10","0.04","522","445"
"1809","10","0.6","250","264"
"1820","2","0.78","0","2"
"1811","10","0.1","689","736"
"1812","10","0.7","3","3"
"1813","10","0.5","381","388"
"1826","2","0.88","0","1"
"1816","10","0.61","181","199"
"1817","10","0.34","718","778"
"1814","10","0.6","275","282"
"1815","10","0.33","807","883"
"1827","1","0.85","0","8510"
"1818","10","0.14","999","1112"
"1822","10","0.5","314","327"
"1821","10","0.66","115","104"
"1824","10","0.06","552","575"
"1825","10","0.11","789","808"
"1823","10","0.3","986","1011"
"1830","10","0.71","9","9"
"1840","1","0.94","0","9411"
"1828","10","0.58","166","168"
"1829","10","0.61","229","225"
"1831","10","0.35","778","784"
"1843","1","0.91","0","9103"
"1834","10","0.11","754","831"
"1832","10","0.33","761","797"
"1833","10","0.26","847","862"
"1845","1","0.86","0","8592"
"1835","10","0.1","762","792"
"1838","10","0.67","166","167"
"1849","1","0.93","0","9294"
"1836","10","0.58","220","246"
"1850","1","0.86","0","8639"
"1837","10","0.04","300","274"
"1855","1","0.91","0","9121"
"1839","10","0.22","921","948"
"1841","10","0.36","627","647"
"1842","10","0.32","847","864"
"1844","10","0.13","878","928"
"1859","1","0.89","0","8873"
"1846","10","0.31","834","884"
"1851","10","0.35","679","707"
"1862","1","0.91","0","9078"
"1848","10","0.51","413","433"
"1852","10","0.44","746","716"
"1847","10","0.22","1001","1022"
"1853","10","0.08","646","659"
"1854","10","0.34","689","727"
"1856","10","0.64","200","199"
"1866","2","0.82","0","2"
"1857","10","0.08","753","781"
"1858","10","0.71","59","59"
"1870","3","0.74","0","3"
"1874","1","0.95","0","9517"
"1872","2","0.81","0","2"
"1863","10","0.74","37","37"
"1860","10","0.33","777","778"
"1861","10","0.68","99","99"
"1864","10","0.53","367","367"
"1878","1","0.91","0","9076"
"1869","10","0.04","440","406"
"1868","10","0.22","869","900"
"1865","10","0.76","3","3"
"1883","1","0.95","0","9490"
"1867","10","0.21","989","1014"
"1871","10","0.42","466","476"
"1873","10","0.28","817","802"
"1875","10","0.47","448","456"
"1877","10","0.5","331","370"
"1876","10","0.76","28","28"
"1891","1","0.88","0","8784"
"1880","10","0.01","7","7"
"1881","10","0.68","34","34"
"1892","1","0.95","0","9479"
"1879","10","0.29","838","915"
"1882","10","0.39","613","628"
"1885","10","0.26","850","899"
"1884","10","0.43","460","493"
"1887","10","0.06","643","629"
"1899","1","0.92","0","9201"
"1888","10","0.21","890","905"
"1886","10","0.12","1023","1044"
"1890","10","0.55","350","363"
"1889","10","0.56","258","265"
"1902","1","0.87","0","8721"
"1901","1","0.82","0","8147"
"1903","1","0.85","0","8497"
"1895","10","0.73","6","6"
"1893","10","0.05","432","433"
"1894","10","0.56","196","189"
"1897","10","0.24","871","908"
"1898","10","0.13","754","828"
"1911","2","0.83","0","3"
"1896","10","0.06","637","635"
"1914","1","0.98","0","9787"
"1904","10","0.61","138","135"
"1900","10","0.14","967","982"
"1906","10","0.55","319","329"
"1905","10","0.33","828","836"
"1917","1","0.84","0","8427"
"1907","10","0.26","898","914"
"1918","2","0.81","0","1"
"1908","10","0.57","172","180"
"1922","1","0.94","0","9384"
"1909","10","0.35","554","625"
"1910","10","0.2","868","919"
"1912","10","0.34","812","896"
"1913","10","0.36","763","754"
"1915","10","0.56","192","187"
"1919","10","0.22","839","870"
"1920","10","0.07","628","638"
"1921","10","0.17","828","903"
"1916","10","0.31","681","729"
"1923","10","0.4","513","577"
"1925","10","0.48","453","415"
"1924","10","0.07","616","634"
"1927","10","0.65","260","268"
"1926","10","0.44","435","447"
"1938","2","0.89","0","1"
"1928","10","0.39","744","761"
"1929","10","0.65","58","57"
"1933","10","0.5","556","566"
"1941","1","0.86","0","8643"
"1931","10","0.06","510","516"
"1932","10","0.36","627","637"
"1930","10","0.54","356","361"
"1934","10","0.5","432","452"
"1945","2","0.85","0","1"
"1935","10","0.68","43","43"
"1950","1","0.99","0","9906"
"1939","10","0.58","184","199"
"1937","10","0.44","482","480"
"1940","10","0.35","622","661"
"1936","10","0.4","530","562"
"1942","10","0.05","401","383"
"1943","10","0.19","918","987"
"1944","10","0.18","878","902"
"1946","10","0.55","227","231"
"1956","2","0.83","0","2"
"1949","10","0.53","267","279"
"1960","1","0.88","0","8878"
"1947","10","0.51","441","460"
"1948","10","0.64","71","71"
"1951","10","0.12","898","993"
"1965","1","1","0","10005"
"1952","10","0.4","708","765"
"1966","1","0.94","0","9389"
"1954","10","0.42","579","612"
"1953","10","0.74","34","34"
"1957","10","0.26","810","914"
"1955","10","0.61","271","274"
"1959","10","0.38","701","757"
"1958","10","0.23","822","881"
"1961","10","0.49","341","367"
"1962","10","0.23","950","984"
"1963","10","0.58","270","271"
"1964","10","0.27","1012","1003"
"1967","10","0.1","803","835"
"1971","10","0.79","3","3"
"1968","10","0.45","477","509"
"1969","10","0.59","238","242"
"1979","1","0.93","0","9341"
"1973","10","0.33","800","821"
"1974","10","0.05","558","510"
"1970","10","0.05","485","481"
"1972","10","0.14","947","1004"
"1975","10","0.4","622","661"
"1976","10","0.15","887","921"
"1989","1","0.82","0","8229"
"1977","10","0.63","111","111"
"1978","10","0.44","563","565"
"1992","1","0.97","0","9726"
"1980","10","0.36","696","760"
"1994","1","0.96","0","9594"
"1981","10","0.46","716","690"
"1984","10","0.03","259","209"
"1982","10","0.67","37","37"
"1983","10","0.5","369","361"
"1985","10","0.58","200","197"
"2000","1","0.83","0","8228"
"1986","10","0.54","341","356"
"1998","1","0.9","0","8988"
"1988","10","0.59","255","265"
"1987","10","0.59","131","135"
"1990","10","0.4","634","666"
"1991","10","0.15","976","1077"
"1995","10","0.46","429","441"
"1993","10","0.06","579","590"
"2009","1","0.9","0","8965"
"1997","10","0.16","921","986"
"1996","10","0.3","725","815"
"2012","1","0.9","0","8968"
"2011","2","0.84","0","1"
"2001","10","0.61","150","153"
"1999","10","0.27","901","930"
"2004","10","0.18","875","930"
"2002","10","0.78","28","28"
"2003","10","0.01","83","59"
"2006","10","0.65","65","69"
"2005","10","0.5","340","362"
"2010","10","0.23","893","975"
"2007","10","0.3","786","842"
"2008","10","0.21","889","936"
"2014","10","0.53","350","340"
"2023","2","0.82","0","1"
"2013","10","0.73","9","9"
"2015","10","0.65","106","109"
"2024","2","0.79","0","2"
"2017","10","0.5","354","365"
"2016","10","0.48","474","474"
"2030","1","0.97","0","9707"
"2019","10","0.59","297","310"
"2018","10","0.32","853","871"
"2020","10","0.04","474","462"
"2021","10","0.61","161","160"
"2022","10","0.43","579","615"
"2025","10","0.13","862","920"
"2026","10","0.04","362","322"
"2027","10","0.49","483","505"
"2028","10","0.43","555","534"
"2038","2","0.77","0","1"
"2029","10","0.71","31","33"
"2032","10","0.39","637","666"
"2033","10","0.45","449","465"
"2041","2","0.78","0","3"
"2031","10","0.54","309","313"
"2035","10","0.8","28","28"
"2034","10","0.39","693","690"
"2037","10","0.66","137","142"
"2048","1","0.96","0","9609"
"2036","10","0.08","693","733"
"2039","10","0.38","596","643"
"2042","10","0.23","838","911"
"2040","10","0.19","867","944"
"2044","10","0.25","771","835"
"2045","10","0.74","31","31"
"2043","10","0.52","229","242"
"2057","1","0.92","0","9199"
"2047","10","0.05","553","520"
"2046","10","0.73","84","84"
"2050","10","0.73","37","37"
"2062","0","0","0","0"
"2051","10","0.03","279","229"
"2049","10","0.2","962","997"
"2053","10","0.39","595","636"
"2052","10","0.61","143","150"
"2054","10","0.14","926","982"
"2058","10","0.65","97","98"
"2056","10","0.61","225","225"
"2055","10","0.41","556","596"
"2059","10","0.41","579","589"
"2060","10","0.48","377","380"
"2061","10","0.73","40","42"
"2064","10","0.59","239","245"
"2063","10","0.1","884","942"
"2075","1","0.95","0","9497"
"2065","10","0.22","923","977"
"2069","10","0.12","789","816"
"2068","10","0.67","68","68"
"2066","10","0.25","864","912"
"2070","10","0.12","800","825"
"2079","1","0.93","0","9276"
"2067","10","0.53","331","327"
"2071","10","0.3","853","881"
"2082","1","0.95","0","9517"
"2083","1","0.87","0","8713"
"2072","10","0.29","883","934"
"2073","10","0.08","754","808"
"2084","2","0.81","0","2"
"2074","10","0.32","734","779"
"2091","2","0.82","0","1"
"2077","10","0.71","33","33"
"2076","10","0.69","90","90"
"2093","1","0.97","0","9682"
"2080","10","0.64","88","90"
"2078","10","0.15","878","982"
"2086","10","0.67","164","167"
"2085","10","0.21","967","1001"
"2087","10","0.71","31","31"
"2081","10","0.31","808","803"
"2089","10","0.28","930","975"
"2101","1","1","0","10005"
"2102","1","0.79","0","7972"
"2090","10","0.67","67","60"
"2088","10","0.74","6","6"
"2105","1","0.85","0","8511"
"2104","2","0.82","0","1"
"2092","10","0.34","699","730"
"2094","10","0.34","792","793"
"2096","10","0.45","496","524"
"2095","10","0.13","848","946"
"2098","10","0.13","789","827"
"2097","10","0.08","723","733"
"2099","10","0.38","613","646"
"2107","10","0.76","31","31"
"2103","10","0.59","326","327"
"2106","10","0.5","442","446"
"2100","10","0.17","887","924"
"2108","10","0.25","927","981"
"2120","2","0.84","0","1"
"2110","10","0.75","7","6"
"2109","10","0.09","872","889"
"2112","10","0.69","59","59"
"2111","10","0.55","290","280"
"2125","1","0.93","0","9325"
"2113","10","0.33","689","728"
"2115","10","0.28","891","930"
"2128","0","0","0","0"
"2114","10","0.29","853","934"
"2116","10","0.14","907","992"
"2118","10","0.54","309","314"
"2131","1","0.85","0","8565"
"2117","10","0.77","56","56"
"2119","10","0.7","49","49"
"2122","10","0.74","56","56"
"2121","10","0.73","56","56"
"2124","10","0.68","38","42"
"2123","10","0.41","644","685"
"2126","10","0.36","687","727"
"2127","10","0.59","179","181"
"2129","10","0.83","3","3"
"2133","10","0.65","102","103"
"2132","10","0.68","35","35"
"2144","1","0.86","0","8630"
"2130","10","0.26","912","958"
"2134","10","0.54","348","355"
"2137","10","0.33","835","863"
"2136","10","0.41","526","581"
"2143","4","0.79","0","1"
"2138","10","0.09","660","727"
"2135","10","0.33","764","760"
"2151","1","0.94","0","9404"
"2140","10","0.33","785","794"
"2139","10","0.37","712","741"
"2141","10","0.43","462","475"
"2156","1","0.87","0","8694"
"2142","10","0.44","459","499"
"2150","10","0.7","34","34"
"2148","10","0.02","138","100"
"2145","10","0.73","3","3"
"2149","10","0.4","519","524"
"2147","10","0.03","331","259"
"2146","10","0.45","540","525"
"2154","10","0.48","416","414"
"2161","2","0.82","0","2"
"2153","10","0.07","652","645"
"2160","3","0.79","0","1"
"2155","10","0.71","41","48"
"2158","10","0.16","912","962"
"2157","10","0.4","597","597"
"2152","10","0.17","939","1005"
"2159","10","0.49","467","467"
"2172","3","0.74","0","2"
"2162","10","0.62","170","173"
"2165","10","0.48","443","498"
"2168","10","0.4","674","668"
"2167","10","0.6","190","189"
"2163","10","0.62","145","145"
"2166","10","0.51","323","326"
"2176","1","0.92","0","9201"
"2164","10","0.15","875","922"
"2178","1","0.94","0","9430"
"2180","1","0.92","0","9240"
"2170","10","0.13","928","966"
"2171","10","0.2","996","1030"
"2169","10","0.27","779","848"
"2182","2","0.83","0","1"
"2185","1","0.85","0","8533"
"2173","10","0.25","824","890"
"2189","1","0.9","0","9017"
"2175","10","0.24","833","864"
"2174","10","0.07","620","598"
"2177","10","0.58","170","177"
"2181","10","0.27","886","969"
"2194","1","0.94","0","9433"
"2183","10","0.07","739","760"
"2186","10","0.54","227","225"
"2179","10","0.35","733","775"
"2184","10","0.3","758","797"
"2200","1","0.94","0","9403"
"2190","10","0.64","243","226"
"2188","10","0.02","173","128"
"2187","10","0.66","53","54"
"2191","10","0.06","553","568"
"2192","10","0.39","586","587"
"2193","10","0.35","666","714"
"2196","10","0.36","719","745"
"2195","10","0.2","938","997"
"2197","10","0.7","62","62"
"2198","10","0.15","788","844"
"2210","1","0.93","0","9286"
"2199","10","0.3","704","736"
"2202","10","0.69","59","59"
"2201","10","0.76","3","3"
"2204","10","0.63","99","99"
"2214","1","0.89","0","8934"
"2203","10","0.75","37","37"
"2207","10","0.13","865","886"
"2205","10","0.65","94","82"
"2206","10","0.46","571","575"
"2208","10","0.56","280","283"
"2209","10","0.53","493","508"
"2211","10","0.01","4","4"
"2222","1","1","0","10005"
"2225","1","0.87","0","8736"
"2226","1","0.91","0","9083"
"2212","10","0.18","901","962"
"2217","10","0.15","861","910"
"2215","10","0.24","834","888"
"2216","10","0.04","438","403"
"2213","10","0.26","894","918"
"2228","1","0.89","0","8925"
"2229","1","0.95","0","9496"
"2231","1","0.85","0","8453"
"2230","1","0.95","0","9484"
"2218","10","0.03","264","232"
"2219","10","0.06","580","547"
"2237","1","0.89","0","8889"
"2221","10","0.49","302","291"
"2220","10","0.46","566","535"
"2223","10","0.44","535","550"
"2224","10","0.49","408","409"
"2241","1","0.89","0","8904"
"2234","10","0.21","920","990"
"2233","10","0.47","441","448"
"2227","10","0.12","1019","1028"
"2246","1","0.98","0","9812"
"2235","10","0.08","724","777"
"2236","10","0.6","277","274"
"2232","10","0.15","756","799"
"2240","10","0.69","31","31"
"2252","0","0","0","0"
"2238","10","0.45","683","691"
"2242","10","0.72","28","26"
"2243","10","0.42","593","622"
"2239","10","0.25","892","899"
"2244","10","0.56","341","329"
"2245","10","0.06","699","685"
"2247","10","0.64","31","33"
"2249","10","0.74","62","62"
"2248","10","0.38","653","718"
"2250","10","0.66","92","99"
"2251","10","0.33","773","823"
"2253","10","0.37","681","689"
"2254","10","0.5","335","333"
"2256","10","0.68","46","45"
"2255","10","0.04","386","345"
"2257","10","0.73","59","59"
"2267","2","0.79","0","4"
"2258","10","0.58","294","299"
"2259","10","0.28","755","800"
"2260","10","0.34","886","977"
"2261","10","0.37","666","704"
"2262","10","0.43","554","608"
"2263","10","0.62","187","188"
"2265","10","0.15","853","896"
"2264","10","0.74","59","59"
"2266","10","0.25","889","929"
"2268","10","0.74","3","3"
"2270","10","0.59","160","155"
"2269","10","0.67","22","24"
"2272","10","0.46","514","529"
"2281","2","0.82","0","1"
"2271","10","0.14","832","887"
"2273","10","0.38","704","716"
"2285","1","0.89","0","8963"
"2286","1","0.9","0","8982"
"2274","10","0.21","933","973"
"2276","10","0.33","816","883"
"2275","10","0.1","905","910"
"2289","1","0.92","0","9249"
"2279","10","0.01","40","28"
"2280","10","0.6","191","196"
"2277","10","0.74","63","64"
"2283","10","0.68","146","146"
"2293","1","0.91","0","9105"
"2278","10","0.68","3","3"
"2294","1","0.87","0","8715"
"2282","10","0.2","950","978"
"2284","10","0.14","834","890"
"2288","10","0.55","266","255"
"2287","10","0.67","68","68"
"2302","1","0.96","0","9594"
"2290","10","0.61","266","252"
"2292","10","0.6","195","180"
"2296","10","0.67","88","88"
"2291","10","0.32","800","852"
"2299","10","0.12","903","924"
"2298","10","0.13","846","900"
"2301","10","0.42","476","495"
"2300","10","0.07","599","631"
"2295","10","0.5","478","505"
"2312","1","0.84","0","8445"
"2297","10","0.56","285","270"
"2304","10","0.34","827","812"
"2303","10","0.01","23","22"
"2306","10","0.17","909","963"
"2307","10","0.07","607","628"
"2305","10","0.23","783","833"
"2318","1","0.92","0","9153"
"2309","10","0.65","81","79"
"2310","10","0.4","553","580"
"2311","10","0.67","104","106"
"2313","10","0.57","227","243"
"2308","10","0.09","698","708"
"2314","10","0.57","429","417"
"2320","10","0.41","535","551"
"2315","10","0.66","80","80"
"2319","10","0.54","278","282"
"2324","10","0.74","28","28"
"2316","10","0.07","778","809"
"2317","10","0.64","25","27"
"2322","10","0.59","278","288"
"2333","1","0.86","0","8595"
"2323","10","0.21","889","953"
"2325","10","0.25","901","917"
"2335","2","0.78","0","3"
"2321","10","0.34","811","832"
"2338","1","0.99","0","9895"
"2327","10","0.41","618","649"
"2326","10","0.62","164","153"
"2339","1","0.92","0","9219"
"2328","10","0.3","773","813"
"2329","10","0.09","729","757"
"2330","10","0.1","777","805"
"2331","10","0.63","124","127"
"2347","0","0","0","0"
"2334","10","0.69","41","41"
"2349","1","0.88","0","8835"
"2332","10","0.17","769","850"
"2336","10","0.09","750","798"
"2337","10","0.27","909","921"
"2340","10","0.18","894","932"
"2344","10","0.44","466","470"
"2354","1","0.94","0","9383"
"2343","10","0.14","981","1007"
"2342","10","0.09","716","740"
"2345","10","0.03","214","193"
"2341","10","0.28","819","830"
"2357","2","0.87","0","1"
"2360","1","0.96","0","9594"
"2361","1","0.98","0","9811"
"2348","10","0.61","192","187"
"2346","10","0.5","365","380"
"2363","1","0.87","0","8722"
"2350","10","0.26","788","765"
"2351","10","0.22","901","980"
"2353","10","0.09","827","831"
"2352","10","0.49","452","450"
"2359","10","0.63","154","157"
"2356","10","0.63","157","159"
"2370","2","0.92","0","1"
"2355","10","0.66","117","117"
"2358","10","0.44","488","490"
"2372","2","0.79","0","1"
"2362","10","0.72","6","6"
"2364","10","0.19","914","1032"
"2367","10","0.35","804","827"
"2366","10","0.09","810","847"
"2365","10","0.3","863","904"
"2378","2","0.82","0","2"
"2382","1","0.98","0","9788"
"2381","1","0.93","0","9257"
"2380","2","0.79","0","3"
"2368","10","0.1","718","781"
"2369","10","0.43","598","621"
"2371","10","0.64","128","129"
"2374","10","0.19","902","937"
"2373","10","0.6","206","219"
"2376","10","0.46","517","503"
"2375","10","0.19","871","911"
"2377","10","0.53","303","307"
"2379","10","0.42","594","591"
"2393","2","0.77","0","5"
"2383","10","0.21","868","910"
"2387","10","0.66","127","131"
"2385","10","0.63","164","170"
"2388","10","0.29","932","991"
"2386","10","0.26","917","948"
"2398","1","0.86","0","8715"
"2384","10","0.14","883","949"
"2395","2","0.82","0","1"
"2389","10","0.02","209","150"
"2402","1","0.85","0","8494"
"2403","1","0.98","0","9820"
"2405","1","0.86","0","8618"
"2391","10","0.19","808","862"
"2408","1","0.86","0","8597"
"2394","10","0.47","376","395"
"2390","10","0.15","846","898"
"2392","10","0.52","312","319"
"2399","10","0.13","794","810"
"2396","10","0.45","565","543"
"2397","10","0.53","283","299"
"2401","10","0.09","805","838"
"2400","10","0.39","679","681"
"2406","10","0.05","558","516"
"2404","10","0.72","3","3"
"2407","10","0.12","885","930"
"2419","1","0.84","0","8358"
"2409","10","0.54","257","294"
"2410","10","0.13","814","866"
"2412","10","0.24","901","990"
"2411","10","0.66","103","113"
"2424","0","0","0","0"
"2414","10","0.55","205","217"
"2413","10","0.29","863","901"
"2415","10","0.7","37","37"
"2425","2","0.78","0","3"
"2416","10","0.73","31","31"
"2417","10","0.5","329","318"
"2418","10","0.59","289","286"
"2430","4","0.8","0","2"
"2421","10","0.31","689","710"
"2423","10","0.52","416","426"
"2422","10","0.46","476","479"
"2434","1","0.87","0","8741"
"2420","10","0.07","618","608"
"2428","10","0.55","299","313"
"2429","10","0.46","439","468"
"2426","10","0.73","30","30"
"2440","1","1","0","10005"
"2427","10","0.73","62","62"
"2431","10","0.56","289","272"
"2432","10","0.25","892","940"
"2433","10","0.03","359","309"
"2436","10","0.43","531","569"
"2435","10","0.06","577","593"
"2437","10","0.57","127","134"
"2438","10","0.09","818","828"
"2439","10","0.64","92","93"
"2443","10","0.37","710","722"
"2441","10","0.7","40","40"
"2444","10","0.23","936","995"
"2442","10","0.52","326","348"
"2456","1","0.98","0","9785"
"2457","1","0.77","0","7740"
"2445","10","0.51","404","411"
"2459","1","0.89","0","8879"
"2448","10","0.73","10","10"
"2446","10","0.32","801","835"
"2449","10","0.54","344","340"
"2450","10","0.56","168","163"
"2447","10","0.08","770","754"
"2453","10","0.2","891","939"
"2455","10","0.74","40","39"
"2452","10","0.64","77","75"
"2454","10","0.49","389","402"
"2451","10","0.67","40","40"
"2458","10","0.37","754","799"
"2460","10","0.08","656","660"
"2461","10","0.34","787","809"
"2462","10","0.64","102","97"
"2463","10","0.03","348","293"
"2464","10","0.42","514","553"
"2466","10","0.62","110","115"
"2474","1","0.96","0","9594"
"2476","1","0.81","0","8111"
"2467","10","0.43","543","607"
"2465","10","0.18","981","1032"
"2470","10","0.57","344","359"
"2469","10","0.36","728","765"
"2468","10","0.02","244","196"
"2482","1","0.87","0","8720"
"2471","10","0.66","52","52"
"2472","10","0.67","83","81"
"2473","10","0.16","889","951"
"2480","10","0.26","966","1003"
"2477","10","0.5","345","346"
"2479","10","0.23","775","769"
"2478","10","0.55","300","324"
"2475","10","0.28","774","792"
"2490","2","0.78","0","3"
"2481","10","0.25","827","878"
"2483","10","0.54","225","227"
"2485","10","0.79","6","6"
"2484","10","0.29","897","960"
"2486","10","0.58","178","184"
"2487","10","0.66","52","52"
"2488","10","0.1","805","827"
"2489","10","0.59","301","308"
"2500","1","0.99","0","9896"
"2491","10","0.69","37","37"
"2492","10","0.01","56","43"
"2503","1","0.93","0","9332"
"2497","10","0.62","181","175"
"2493","10","0.05","545","543"
"2496","10","0.8","28","28"
"2498","10","0.79","3","3"
"2494","10","0.45","403","439"
"2495","10","0.21","830","871"
"2510","1","0.87","0","8621"
"2499","10","0.09","774","796"
"2502","10","0.62","151","151"
"2501","10","0.47","415","388"
"2514","1","0.98","0","9793"
"2504","10","0.55","261","289"
"2515","2","0.79","0","1"
"2518","1","0.99","0","9897"
"2506","10","0.67","18","18"
"2505","10","0.75","56","56"
"2520","1","0.92","0","9181"
"2507","10","0.49","435","449"
"2509","10","0.28","852","885"
"2508","10","0.53","441","425"
"2511","10","0.29","851","911"
"2513","10","0.4","576","605"
"2525","3","0.82","0","2"
"2528","1","0.9","0","8973"
"2512","10","0.57","234","232"
"2516","10","0.42","547","596"
"2519","10","0.5","411","406"
"2517","10","0.06","666","649"
"2522","10","0.03","254","228"
"2521","10","0.51","395","403"
"2524","10","0.42","686","710"
"2523","10","0.62","42","42"
"2526","10","0.72","34","34"
"2530","10","0.72","65","65"
"2527","10","0.13","939","972"
"2529","10","0.43","540","570"
"2540","1","0.99","0","9900"
"2531","10","0.44","462","494"
"2542","1","0.83","0","8409"
"2532","10","0.75","3","3"
"2533","10","0.31","777","820"
"2535","10","0.75","9","9"
"2537","10","0.72","56","56"
"2534","10","0.01","80","56"
"2538","10","0.49","406","433"
"2536","10","0.44","514","534"
"2549","1","0.97","0","9676"
"2539","10","0.33","750","762"
"2554","1","0.96","0","9628"
"2541","10","0.69","9","9"
"2543","10","0.45","391","409"
"2547","10","0.59","241","246"
"2544","10","0.31","785","830"
"2557","1","0.98","0","9819"
"2545","10","0.65","140","144"
"2546","10","0.11","883","955"
"2560","1","0.99","0","9908"
"2561","1","0.94","0","9409"
"2551","10","0.64","84","90"
"2548","10","0.14","937","1023"
"2552","10","0.67","74","74"
"2553","10","0.07","684","701"
"2550","10","0.67","40","42"
"2569","1","0.98","0","9796"
"2568","1","0.84","0","8432"
"2555","10","0.69","7","7"
"2556","10","0.65","75","77"
"2558","10","0.24","960","1015"
"2562","10","0.31","882","889"
"2559","10","0.4","583","612"
"2563","10","0.29","857","912"
"2564","10","0.07","660","691"
"2565","10","0.19","850","857"
"2576","2","0.82","0","1"
"2567","10","0.76","11","11"
"2566","10","0.41","583","602"
"2572","10","0.04","480","424"
"2571","10","0.34","619","684"
"2570","10","0.66","81","82"
"2574","10","0.73","18","17"
"2575","10","0.47","502","539"
"2573","10","0.58","200","199"
"2587","1","0.9","0","8999"
"2577","10","0.28","945","945"
"2578","10","0.16","892","947"
"2579","10","0.33","767","814"
"2580","10","0.38","634","672"
"2592","1","0.92","0","9239"
"2582","10","0.66","64","63"
"2581","10","0.04","443","413"
"2596","1","0.99","0","9908"
"2583","10","0.59","126","125"
"2586","10","0.35","622","662"
"2585","10","0.72","14","13"
"2584","10","0.31","906","968"
"2589","10","0.41","612","630"
"2601","1","0.95","0","9534"
"2591","10","0.09","764","791"
"2588","10","0.48","431","428"
"2590","10","0.28","818","818"
"2605","1","0.84","0","8383"
"2594","10","0.7","12","12"
"2595","10","0.63","176","182"
"2593","10","0.15","757","828"
"2609","1","0.91","0","9121"
"2598","10","0.62","171","175"
"2599","10","0.18","873","913"
"2597","10","0.11","923","994"
"2602","10","0.04","574","509"
"2600","10","0.59","179","180"
"2614","1","0.99","0","9893"
"2603","10","0.12","899","942"
"2604","10","0.14","870","930"
"2618","1","0.88","0","8824"
"2606","10","0.01","57","44"
"2608","10","0.38","698","727"
"2607","10","0.17","933","997"
"2610","10","0.13","846","851"
"2611","10","0.17","835","880"
"2615","10","0.44","507","526"
"2613","10","0.04","474","397"
"2612","10","0.18","885","919"
"2626","1","0.98","0","9802"
"2627","1","0.87","0","8722"
"2616","10","0.53","396","411"
"2617","10","0.49","427","450"
"2619","10","0.13","806","884"
"2631","1","0.84","0","8394"
"2630","2","0.85","0","1"
"2620","10","0.42","665","694"
"2635","1","0.81","0","8152"
"2622","10","0.32","762","804"
"2623","10","0.46","530","519"
"2638","1","0.95","0","9508"
"2621","10","0.35","687","746"
"2625","10","0.25","908","931"
"2624","10","0.3","819","876"
"2629","10","0.24","831","872"
"2628","10","0.73","44","44"
"2633","10","0.02","257","206"
"2644","1","0.92","0","9190"
"2632","10","0.12","955","958"
"2634","10","0.4","605","612"
"2636","10","0.68","93","93"
"2637","10","0.48","433","460"
"2640","10","0.65","77","78"
"2650","2","0.81","0","1"
"2641","10","0.01","40","28"
"2642","10","0.39","667","679"
"2639","10","0.07","658","688"
"2655","1","0.94","0","9395"
"2643","10","0.53","317","315"
"2646","10","0.45","460","475"
"2658","1","0.9","0","8994"
"2647","10","0.07","692","680"
"2645","10","0.07","571","588"
"2649","10","0.28","912","934"
"2652","10","0.04","345","290"
"2648","10","0.36","819","841"
"2651","10","0.37","708","751"
"2664","1","0.86","0","8580"
"2656","10","0.24","720","766"
"2653","10","0.17","818","935"
"2657","10","0.59","155","152"
"2663","2","0.76","0","7"
"2666","2","0.78","0","3"
"2654","10","0.63","104","109"
"2672","2","0.8","0","3"
"2659","10","0.07","665","667"
"2673","2","0.86","0","1"
"2676","1","0.98","0","9810"
"2661","10","0.56","226","231"
"2674","3","0.75","0","1"
"2660","10","0.13","818","852"
"2662","10","0.43","552","559"
"2667","10","0.68","112","100"
"2668","10","0.34","862","919"
"2665","10","0.63","139","137"
"2669","10","0.26","845","924"
"2682","1","0.93","0","9298"
"2671","10","0.46","519","555"
"2670","10","0.25","961","961"
"2687","2","0.8","0","4"
"2675","10","0.58","174","179"
"2689","1","0.92","0","9223"
"2678","10","0.58","185","192"
"2677","10","0.66","95","94"
"2691","1","0.85","0","8527"
"2693","1","0.94","0","9413"
"2679","10","0.64","166","172"
"2680","10","0.78","31","31"
"2683","10","0.03","343","298"
"2681","10","0.05","564","561"
"2685","10","0.5","322","320"
"2686","10","0.1","794","830"
"2697","2","0.85","0","1"
"2684","10","0.53","369","366"
"2688","10","0.83","28","28"
"2703","2","0.79","0","1"
"2692","10","0.5","366","390"
"2690","10","0.55","238","245"
"2694","10","0.49","392","413"
"2695","10","0.71","12","14"
"2709","1","0.96","0","9589"
"2696","10","0.25","855","901"
"2698","10","0.3","719","755"
"2699","10","0.33","649","702"
"2701","10","0.25","865","875"
"2710","2","0.81","0","2"
"2712","1","0.96","0","9616"
"2700","10","0.25","842","925"
"2704","10","0.5","352","380"
"2716","2","0.78","0","2"
"2718","1","0.95","0","9506"
"2702","10","0.34","745","778"
"2705","10","0.61","202","198"
"2706","10","0.27","829","837"
"2707","10","0.41","608","603"
"2708","10","0.39","767","765"
"2724","1","0.86","0","8638"
"2711","10","0.7","98","98"
"2713","10","0.75","3","3"
"2714","10","0.66","172","170"
"2727","1","0.85","0","8471"
"2730","1","0.91","0","9093"
"2715","10","0.47","502","465"
"2717","10","0.11","801","866"
"2719","10","0.25","810","815"
"2733","1","0.95","0","9530"
"2731","2","0.76","0","8"
"2720","10","0.07","771","781"
"2723","10","0.69","84","84"
"2722","10","0.27","900","902"
"2721","10","0.18","939","982"
"2737","2","0.76","0","5"
"2725","10","0.55","163","176"
"2728","10","0.12","896","960"
"2729","10","0.2","922","942"
"2726","10","0.32","880","897"
"2745","1","0.88","0","8824"
"2734","10","0.22","976","1023"
"2732","10","0.29","773","844"
"2735","10","0.1","878","885"
"2736","10","0.63","121","122"
"2738","10","0.18","916","983"
"2751","1","0.99","0","9902"
"2739","10","0.12","890","975"
"2753","0","0","0","0"
"2740","10","0.16","891","936"
"2741","10","0.28","956","995"
"2752","2","0.79","0","1"
"2754","1","0.86","0","8667"
"2743","10","0.57","356","350"
"2744","10","0.05","670","640"
"2742","10","0.6","160","163"
"2759","1","0.9","0","9016"
"2747","10","0.59","237","237"
"2748","10","0.61","229","247"
"2749","10","0.48","471","487"
"2746","10","0.06","674","662"
"2764","1","0.85","0","8485"
"2750","10","0.56","325","347"
"2757","10","0.34","739","777"
"2755","10","0.43","451","492"
"2760","10","0.07","671","677"
"2756","10","0.41","449","449"
"2758","10","0.42","538","538"
"2761","10","0.22","797","874"
"2763","10","0.78","3","3"
"2762","10","0.09","885","975"
"2774","1","0.88","0","8797"
"2765","10","0.77","6","6"
"2767","10","0.14","852","930"
"2768","10","0.32","687","759"
"2766","10","0.23","837","881"
"2769","10","0.14","882","958"
"2771","10","0.18","910","910"
"2770","10","0.73","59","59"
"2775","10","0.67","45","47"
"2772","10","0.12","861","941"
"2773","10","0.5","383","386"
"2784","2","0.82","0","1"
"2776","10","0.54","333","319"
"2786","2","0.84","0","1"
"2777","10","0.01","84","60"
"2778","10","0.01","107","83"
"2791","1","0.92","0","9225"
"2780","10","0.56","251","269"
"2779","10","0.72","36","36"
"2782","10","0.04","476","446"
"2783","10","0.1","900","915"
"2785","10","0.14","894","972"
"2795","2","0.83","0","1"
"2781","10","0.03","296","246"
"2787","10","0.77","31","31"
"2799","1","0.79","0","7904"
"2789","10","0.24","901","949"
"2788","10","0.37","687","719"
"2790","10","0.37","630","652"
"2792","10","0.46","435","447"
"2793","10","0.2","913","989"
"2797","10","0.28","850","866"
"2796","10","0.48","377","388"
"2794","10","0.68","92","92"
"2798","10","0.62","290","283"
"2800","10","0.17","936","1012"
"2801","10","0.7","59","59"
"2802","10","0.31","724","787"
"2803","10","0.28","836","881"
"2804","10","0.65","77","82"
"2806","10","0.66","70","70"
"2805","10","0.25","802","858"
"2808","10","0.54","376","370"
"2807","10","0.29","796","872"
"2809","10","0.04","528","466"
"2811","10","0.47","523","539"
"2810","10","0.76","31","31"
"2813","10","0.61","236","246"
"2812","10","0.61","126","122"
"2815","10","0.66","70","70"
"2814","10","0.68","91","94"
"2817","10","0.69","54","54"
"2816","10","0.15","1021","1052"
"2827","2","0.78","0","2"
"2819","10","0.07","708","681"
"2821","10","0.71","15","15"
"2818","10","0.12","883","929"
"2820","10","0.47","400","414"
"2822","10","0.16","873","918"
"2823","10","0.44","520","512"
"2835","1","0.85","0","8506"
"2837","1","0.85","0","8504"
"2824","10","0.54","335","338"
"2826","10","0.62","120","121"
"2825","10","0.64","235","251"
"2840","1","0.91","0","9086"
"2828","10","0.1","804","857"
"2831","10","0.74","34","34"
"2832","10","0.46","362","380"
"2844","1","0.97","0","9726"
"2829","10","0.26","854","902"
"2833","10","0.67","50","48"
"2834","10","0.23","738","868"
"2836","10","0.69","47","47"
"2830","10","0.34","677","706"
"2838","10","0.77","28","28"
"2842","10","0.06","592","651"
"2839","10","0.2","956","1039"
"2845","10","0.63","102","103"
"2846","10","0.03","310","276"
"2853","1","0.92","0","9217"
"2843","10","0.78","3","3"
"2841","10","0.48","296","312"
"2859","1","0.95","0","9516"
"2856","3","0.77","0","1"
"2847","10","0.41","608","620"
"2848","10","0.36","765","803"
"2849","10","0.72","28","28"
"2862","1","0.95","0","9502"
"2864","2","0.88","0","1"
"2850","10","0.01","103","78"
"2851","10","0.72","36","36"
"2852","10","0.67","51","49"
"2855","10","0.46","474","480"
"2857","10","0.63","147","150"
"2854","10","0.45","511","513"
"2871","1","0.93","0","9300"
"2858","10","0.18","854","904"
"2861","10","0.34","786","788"
"2872","2","0.77","0","2"
"2875","1","0.95","0","9489"
"2860","10","0.66","64","65"
"2863","10","0.68","50","38"
"2879","0","0","0","0"
"2866","10","0.27","809","835"
"2865","10","0.75","28","28"
"2881","1","1","0","10005"
"2868","10","0.63","117","118"
"2867","10","0.52","310","321"
"2869","10","0.68","46","54"
"2870","10","0.41","650","684"
"2874","10","0.31","845","870"
"2873","10","0.32","855","921"
"2877","10","0.34","810","842"
"2889","1","0.99","0","9901"
"2876","10","0.32","729","758"
"2880","10","0.7","114","122"
"2878","10","0.35","631","672"
"2894","1","0.97","0","9718"
"2883","10","0.07","659","693"
"2884","10","0.25","809","865"
"2885","10","0.21","932","1010"
"2886","10","0.26","903","947"
"2882","10","0.26","912","969"
"2888","10","0.45","425","449"
"2887","10","0.51","370","376"
"2890","10","0.08","613","614"
"2891","10","0.16","1005","1019"
"2903","2","0.81","0","2"
"2892","10","0.62","115","125"
"2893","10","0.48","462","445"
"2899","10","0.76","59","59"
"2898","10","0.31","767","829"
"2897","10","0.09","738","735"
"2896","10","0.32","890","968"
"2895","10","0.67","70","68"
"2902","10","0.49","316","318"
"2901","10","0.47","319","337"
"2900","10","0.62","300","282"
"2904","10","0.3","803","868"
"2905","10","0.11","833","872"
"2916","1","0.97","0","9717"
"2907","10","0.2","904","999"
"2906","10","0.38","689","729"
"2909","10","0.51","377","375"
"2908","10","0.18","883","953"
"2913","10","0.73","3","3"
"2914","10","0.32","878","932"
"2911","10","0.52","273","293"
"2910","10","0.73","9","9"
"2912","10","0.73","3","5"
"2926","1","0.97","0","9705"
"2915","10","0.72","34","34"
"2927","1","0.9","0","9011"
"2929","1","0.98","0","9783"
"2930","1","0.95","0","9480"
"2919","10","0.2","1008","995"
"2917","10","0.6","217","212"
"2918","10","0.47","390","422"
"2920","10","0.27","704","803"
"2921","10","0.64","168","178"
"2923","10","0.59","263","276"
"2922","10","0.08","707","701"
"2924","10","0.7","34","34"
"2925","10","0.45","580","551"
"2928","10","0.8","28","28"
"2931","10","0.63","83","82"
"2933","10","0.82","3","3"
"2935","10","0.05","525","512"
"2934","10","0.29","845","896"
"2932","10","0.51","343","351"
"2938","10","0.42","448","467"
"2939","10","0.37","724","751"
"2940","10","0.67","40","42"
"2937","10","0.17","820","879"
"2936","10","0.14","836","903"
"2949","1","0.91","0","9109"
"2942","10","0.64","153","151"
"2941","10","0.03","395","318"
"2944","10","0.39","622","622"
"2956","1","0.98","0","9808"
"2946","10","0.52","317","347"
"2943","10","0.43","529","583"
"2947","10","0.17","861","942"
"2945","10","0.69","96","96"
"2948","10","0.23","899","938"
"2960","1","0.9","0","9003"
"2961","2","0.83","0","1"
"2950","10","0.71","87","87"
"2951","10","0.31","724","770"
"2964","1","0.98","0","9807"
"2953","10","0.38","634","683"
"2954","10","0.39","730","729"
"2965","1","0.88","0","8807"
"2952","10","0.32","938","926"
"2955","10","0.36","645","688"
"2969","2","0.8","0","1"
"2973","2","0.87","0","1"
"2957","10","0.05","562","541"
"2975","0","0","0","0"
"2958","10","0.74","37","37"
"2962","10","0.19","821","917"
"2978","1","0.97","0","9685"
"2977","1","0.9","0","9003"
"2963","10","0.09","698","733"
"2970","10","0.16","915","918"
"2966","10","0.33","686","712"
"2959","10","0.46","484","489"
"2967","10","0.44","426","463"
"2968","10","0.6","197","204"
"2983","1","0.92","0","9163"
"2972","10","0.72","31","31"
"2971","10","0.21","852","910"
"2989","1","0.95","0","9509"
"2976","10","0.66","93","95"
"2974","10","0.47","443","471"
"2991","0","0","0","0"
"2990","1","0.89","0","8834"
"2993","1","0.92","0","9225"
"2992","1","0.85","0","8473"
"2996","1","0.93","0","9264"
"2979","10","0.57","279","290"
"2994","1","0.95","0","9541"
"2981","10","0.6","126","131"
"2997","1","0.87","0","8649"
"2980","10","0.51","418","414"
"2985","10","0.69","59","59"
"2986","10","0.84","3","3"
"2987","10","0.66","109","108"
"2982","10","0.06","598","641"
"2984","10","0.53","328","346"
"2988","10","0.29","861","925"
"2995","10","0.71","108","104"
"2998","10","0.15","824","888"
"2999","10","0.03","320","269"
"3000","10","0.74","56","56"
